{
    "ComponentName": "LapColumn",
    "RenderIf": "{Item.StartLapNumber, Converter=NumberEquals, Parameter=<lap>}",
    "BlockType": "dock",
    "VerticalAlignment": "Center",
    "HorizontalAlignment": "Center",
    "Items": [
        {
            "BlockType": "stack",
            "RenderIf": "<renderif>",
            "Orientation": "Horizontal",
            "Background": "{Black}",
            "Items": [
                {
                    "BlockType": "text",
                    "Source": "<lap>",
                    "HorizontalAlignment": "Center",
                    "FontName": "{FontNameItalic}",
                    "FontSize": 25,
                    "Padding": "6,6",
                    "Height": 14,
                    "MarginTop": 5
                }
            ]
        },
        {
            "HorizontalAlignment": "Right",
            "BlockType": "component",
            "Component": "StintBar"
        }
    ]
}