{
    "ComponentName": "StintBar",
    "BlockType": "stack",
    "VerticalAlignment": "Center",
    "Items": [
        {
            "BlockType": "shape",
            "Height": 14,
            "VerticalAlignment": "Center",
            "Width": "{Item.Percentage, Converter=NumberMultiply, Parameter=25}",
            "RenderIf": "{Item.Tyres, Converter=StringEquals, Parameter=soft}",
            "ShapeOptions": {
                "ShapeType": "rectangle",
                "Fill": "#ff001e"
            }
        },
        {
            "BlockType": "shape",
            "Height": 14,
            "VerticalAlignment": "Center",
            "Width": "{Item.Percentage, Converter=NumberMultiply, Parameter=25}",
            "RenderIf": "{Item.Tyres, Converter=StringEquals, Parameter=medium}",
            "ShapeOptions": {
                "ShapeType": "rectangle",
                "Fill": "#fffb00"
            }
        },
        {
            "BlockType": "shape",
            "Height": 14,
            "VerticalAlignment": "Center",
            "Width": "{Item.Percentage, Converter=NumberMultiply, Parameter=25}",
            "RenderIf": "{Item.Tyres, Converter=StringEquals, Parameter=hard}",
            "ShapeOptions": {
                "ShapeType": "rectangle",
                "Fill": "{White}"
            }
        },
        {
            "BlockType": "shape",
            "Height": 14,
            "VerticalAlignment": "Center",
            "Width": "{Item.Percentage, Converter=NumberMultiply, Parameter=25}",
            "RenderIf": "{Item.Tyres, Converter=StringEquals, Parameter=intermediate}",
            "ShapeOptions": {
                "ShapeType": "rectangle",
                "Fill": "#19c702"
            }
        },
        {
            "BlockType": "shape",
            "Height": 14,
            "VerticalAlignment": "Center",
            "Width": "{Item.Percentage, Converter=NumberMultiply, Parameter=25}",
            "RenderIf": "{Item.Tyres, Converter=StringEquals, Parameter=wet}",
            "ShapeOptions": {
                "ShapeType": "rectangle",
                "Fill": "#020dc7"
            }
        }
    ]
}