{
    "ComponentName": "PenaltyMainTable",
    "BlockType": "table",
    "TableOptions": {
        "ItemsSource": "<itemsource>",
        "OrderByDescending": "{PenOrder}",
        "Limit": "{g6}",
        "IndexStart": "{SessisonStartPos, Converter=NumberSubtract, Parameter=1}",
        "RowSpacing": 30,
        "HeaderTemplate": {
            "BlockType": "text",
            "MarginBottom": 108,
            "Style": "TableSessionHeader"
        },
        "Columns": [
            {
                "Header": "",
                "Template": {
                    "BlockType": "component",
                    "Component": "MainColumn",
                    "ComponentOptions": {
                        "Vars": {
                            "style": "P1Default",
                            "fg": "{SessionFG}",
                            "font": "{FontNameItalic}",
                            "w": "45",
                            "pad": "12,0",
                            "source": "{Item.Position}"
                        }
                    }
                }
            },
            {
                "Header": "",
                "Template": {
                    "BlockType": "component",
                    "Component": "V1DriverLine",
                    "WidthStretch": true,
                    "ComponentOptions": {
                        "Vars": {
                            "style1": "FirstNameDefault",
                            "style2": "SecondNameDefault",
                            "width": "{DriverWidth}"
                        }
                    }
                }
            },
            {
                "Header": "",
                "Template": {
                    "BlockType": "component",
                    "Component": "V1TeamLine",
                    "ComponentOptions": {
                        "Vars": {
                            "bg": "00000000",
                            "teamstyle": "TeamDefault"
                        }
                    }
                }
            },
            {
                "Header": "[PPA]",
                "Template": {
                    "RenderIf": "{PenPPA}",
                    "BlockType": "component",
                    "Component": "MainColumn",
                    "ComponentOptions": {
                        "Vars": {
                            "style": "P1Default",
                            "fg": "{SessionFG}",
                            "font": "{FontNameItalic}",
                            "w": "50",
                            "pad": "30,0",
                            "source": "{Item.PenaltyPointsActive}"
                        }
                    },
                    "Triggers": [
                        {
                            "Condition": "{Item.PenaltyPointsActive, Converter=NumberEquals, Parameter=0}",
                            "Property": "Opacity",
                            "Value": 0
                        }
                    ]
                }
            },
            {
                "Header": "[WA]",
                "Template": {
                    "RenderIf": "{PenWA}",
                    "BlockType": "component",
                    "Component": "MainColumn",
                    "ComponentOptions": {
                        "Vars": {
                            "style": "P1Default",
                            "fg": "{SessionFG}",
                            "font": "{FontNameItalic}",
                            "w": "50",
                            "pad": "20,0",
                            "source": "{Item.PenaltyWarningsActive}"
                        }
                    },
                    "Triggers": [
                        {
                            "Condition": "{Item.PenaltyWarningsActive, Converter=NumberEquals, Parameter=0}",
                            "Property": "Opacity",
                            "Value": 0
                        }
                    ]
                }
            },
            {
                "Header": "[PTS]",
                "Template": {
                    "RenderIf": "{PenPTS}",
                    "BlockType": "component",
                    "Component": "MainColumn",
                    "ComponentOptions": {
                        "Vars": {
                            "style": "P1Default",
                            "fg": "{SessionFG}",
                            "font": "{FontNameItalic}",
                            "w": "50",
                            "pad": "30,0",
                            "source": "{Item.PenaltySeconds}"
                        }
                    },
                    "Triggers": [
                        {
                            "Condition": "{Item.PenaltySeconds, Converter=NumberEquals, Parameter=0}",
                            "Property": "Opacity",
                            "Value": 0
                        }
                    ]
                }
            },
            {
                "Header": "[PPS]",
                "Template": {
                    "RenderIf": "{PenPPS}",
                    "BlockType": "component",
                    "Component": "MainColumn",
                    "ComponentOptions": {
                        "Vars": {
                            "style": "P1Default",
                            "fg": "{SessionFG}",
                            "font": "{FontNameItalic}",
                            "w": "50",
                            "pad": "30,0",
                            "source": "{Item.PenaltyPositions}"
                        }
                    },
                    "Triggers": [
                        {
                            "Condition": "{Item.PenaltyPositions, Converter=NumberEquals, Parameter=0}",
                            "Property": "Opacity",
                            "Value": 0
                        }
                    ]
                }
            },
            {
                "Header": "[PTG]",
                "Template": {
                    "RenderIf": "{PenPTG}",
                    "BlockType": "component",
                    "Component": "MainColumn",
                    "ComponentOptions": {
                        "Vars": {
                            "style": "P1Default",
                            "fg": "{SessionFG}",
                            "font": "{FontNameItalic}",
                            "w": "50",
                            "pad": "30,0",
                            "source": "{Item.PenaltyIngameSeconds}"
                        }
                    },
                    "Triggers": [
                        {
                            "Condition": "{Item.PenaltyIngameSeconds, Converter=NumberEquals, Parameter=0}",
                            "Property": "Opacity",
                            "Value": 0
                        }
                    ]
                }
            },
            {
                "Header": "[PPO]",
                "Template": {
                    "RenderIf": "{PenPPO}",
                    "BlockType": "component",
                    "Component": "MainColumn",
                    "ComponentOptions": {
                        "Vars": {
                            "style": "P1Default",
                            "fg": "{SessionFG}",
                            "font": "{FontNameItalic}",
                            "w": "50",
                            "pad": "30,0",
                            "source": "{Item.PenaltyPointsOverall}"
                        }
                    },
                    "Triggers": [
                        {
                            "Condition": "{Item.PenaltyPointsOverall, Converter=NumberEquals, Parameter=0}",
                            "Property": "Opacity",
                            "Value": 0
                        }
                    ]
                }
            },
            {
                "Header": "[WO]",
                "Template": {
                    "RenderIf": "{PenWO}",
                    "BlockType": "component",
                    "Component": "MainColumn",
                    "ComponentOptions": {
                        "Vars": {
                            "style": "P1Default",
                            "fg": "{SessionFG}",
                            "font": "{FontNameItalic}",
                            "w": "50",
                            "pad": "20,0",
                            "source": "{Item.PenaltyWarningsOverall}"
                        }
                    },
                    "Triggers": [
                        {
                            "Condition": "{Item.PenaltyWarningsOverall, Converter=NumberEquals, Parameter=0}",
                            "Property": "Opacity",
                            "Value": 0
                        }
                    ]
                }
            }
        ]
    }
}