{
    "ComponentName": "StatCell",
    "BlockType": "stack",
    "VerticalAlignment": "Center",
    "Items": [
        //time
        {
            "BlockType": "text",
            "MarginTop": 3,
            "RenderIf": false,
            "Width": 150,
            "Height": "*",
            "Padding": "20, 0",
            "Source": "<{data.Value}>",
            "HorizontalAlignment": "Left",
            "VerticalAlignment": "Center",
            "Foreground": "<fg>",
            "TextOptions": {
                "FontName": "{FontNameDefault}",
                "FontSize": 30,
                "HorizontalAlignment": "Center"
            },
            "Triggers": [
                {
                    "Condition": "<{data.Type, Converter=EnumEquals, Parameter=Time}>",
                    "Setters": [
                        {
                            "Property": "RenderIf",
                            "Value": true
                        }
                    ]
                },
                {
                    "Condition": "<{data.Value, Converter=EmptyObjectToTrue}>",
                    "Property": "Source",
                    "Value": "0"
                },
                {
                    "Condition": "<{data.IsHighlighted}>",
                    "Setters": [
                        {
                            "Property": "Foreground",
                            "Value": "{SessionFastestLapFG}"
                        }
                    ]
                },
                {
                    "Condition": "<{data.IsBig}>",
                    "Setters": [
                        {
                            "Property": "FontSize",
                            "Value": "30"
                        }
                    ]
                },
                {
                    "Condition": "<{data.IsSmall}>",
                    "Setters": [
                        {
                            "Property": "FontSize",
                            "Value": "22"
                        }
                    ]
                }
            ]
        },
        //string
        {
            "BlockType": "text",
            "MarginTop": 3,
            "RenderIf": false,
            "Width": "150",
            "Height": "*",
            "Padding": "20, 0",
            "Source": "<{data.Value}>",
            "HorizontalAlignment": "Left",
            "VerticalAlignment": "Center",
            "Foreground": "<fg>",
            "TextOptions": {
                "FontName": "{FontNameDefault}",
                "FontSize": 30,
                "HorizontalAlignment": "Center"
            },
            "Triggers": [
                {
                    "Condition": "<{data.Type, Converter=EnumEquals, Parameter=String}>",
                    "Setters": [
                        {
                            "Property": "RenderIf",
                            "Value": true
                        }
                    ]
                },
                {
                    "Condition": "<{data.Value, Converter=EmptyObjectToTrue}>",
                    "Property": "Source",
                    "Value": "0"
                },
                {
                    "Condition": "<{data.IsHighlighted}>",
                    "Setters": [
                        {
                            "Property": "Foreground",
                            "Value": "{SessionFastestLapFG}"
                        }
                    ]
                },
                {
                    "Condition": "<{data.IsBig}>",
                    "Setters": [
                        {
                            "Property": "FontSize",
                            "Value": "30"
                        }
                    ]
                },
                {
                    "Condition": "<{data.IsSmall}>",
                    "Setters": [
                        {
                            "Property": "FontSize",
                            "Value": "22"
                        }
                    ]
                }
            ]
        },
        //gap
        {
            "BlockType": "text",
            "MarginTop": 3,
            "RenderIf": false,
            "Width": 150,
            "Height": "*",
            "Padding": "20, 0",
            "Source": "<{data.Value}>",
            "HorizontalAlignment": "Left",
            "VerticalAlignment": "Center",
            "Foreground": "<fg>",
            "TextOptions": {
                "FontName": "{FontNameDefault}",
                "FontSize": 30,
                "HorizontalAlignment": "Center"
            },
            "Triggers": [
                {
                    "Condition": "<{data.Type, Converter=EnumEquals, Parameter=Gap}>",
                    "Setters": [
                        {
                            "Property": "RenderIf",
                            "Value": true
                        }
                    ]
                },
                {
                    "Condition": "<{data.IsHighlighted}>",
                    "Setters": [
                        {
                            "Property": "Foreground",
                            "Value": "{SessionFastestLapFG}"
                        }
                    ]
                },
                {
                    "Condition": "<{data.IsBig}>",
                    "Setters": [
                        {
                            "Property": "FontSize",
                            "Value": "30"
                        }
                    ]
                },
                {
                    "Condition": "<{data.IsSmall}>",
                    "Setters": [
                        {
                            "Property": "FontSize",
                            "Value": "22"
                        }
                    ]
                }
            ]
        },
        //number
        {
            "BlockType": "text",
            "MarginTop": 3,
            "RenderIf": false,
            "Width": 150,
            "Height": "*",
            "Padding": "20, 0",
            "Source": "<{data.Value}>",
            "HorizontalAlignment": "Left",
            "VerticalAlignment": "Center",
            "Foreground": "<fg>",
            "TextOptions": {
                "FontName": "{FontNameDefault}",
                "FontSize": 30,
                "HorizontalAlignment": "Center"
            },
            "Triggers": [
                {
                    "Condition": "<{data.Type, Converter=EnumEquals, Parameter=Number}>",
                    "Setters": [
                        {
                            "Property": "RenderIf",
                            "Value": true
                        }
                    ]
                },
                {
                    "Condition": "<{data.Value, Converter=EmptyObjectToTrue}>",
                    "Property": "Source",
                    "Value": "0"
                },
                {
                    "Condition": "<{data.IsHighlighted}>",
                    "Setters": [
                        {
                            "Property": "Foreground",
                            "Value": "{SessionFastestLapFG}"
                        }
                    ]
                },
                {
                    "Condition": "<{data.IsBig}>",
                    "Setters": [
                        {
                            "Property": "FontSize",
                            "Value": "32"
                        }
                    ]
                },
                {
                    "Condition": "<{data.IsSmall}>",
                    "Setters": [
                        {
                            "Property": "FontSize",
                            "Value": "28"
                        }
                    ]
                }
            ]
        },
        //secondary number
        {
            "BlockType": "text",
            "MarginTop": 3,
            "RenderIf": false,
            "Width": 150,
            "Height": "*",
            "Padding": "20, 0",
            "Source": "<{data.Value}>",
            "Foreground": "<fg>",
            "HorizontalAlignment": "Left",
            "VerticalAlignment": "Center",
            "TextOptions": {
                "FontName": "{FontNameDefault}",
                "FontSize": 30,
                "HorizontalAlignment": "Center"
            },
            "Triggers": [
                {
                    "Condition": "<{data.Type, Converter=EnumEquals, Parameter=SecondaryNumber}>",
                    "Setters": [
                        {
                            "Property": "RenderIf",
                            "Value": true
                        }
                    ]
                },
                {
                    "Condition": "<{data.Value, Converter=EmptyObjectToTrue}>",
                    "Property": "Source",
                    "Value": "0"
                },
                {
                    "Condition": "<{data.IsHighlighted}>",
                    "Setters": [
                        {
                            "Property": "Foreground",
                            "Value": "{SessionFastestLapFG}"
                        }
                    ]
                },
                {
                    "Condition": "<{data.IsBig}>",
                    "Setters": [
                        {
                            "Property": "FontSize",
                            "Value": "32"
                        }
                    ]
                },
                {
                    "Condition": "<{data.IsSmall}>",
                    "Setters": [
                        {
                            "Property": "FontSize",
                            "Value": "28"
                        }
                    ]
                }
            ]
        },
        //rating
        {
            "BlockType": "text",
            "MarginTop": 3,
            "RenderIf": false,
            "Width": 120,
            "Height": "*",
            "Source": "<{data.Value}>",
            "Padding": "20, 0",
            "VerticalAlignment": "Center",
            "Foreground": "<fg>",
            "TextOptions": {
                "FontName": "{FontNameDefault}",
                "FontSize": 30,
                "HorizontalAlignment": "Center",
                "ColorizeRating": {
                    "IsEnabled": "<datalvl>",
                    "Level": "<{data.Level}>"
                }
            },
            "Triggers": [
                {
                    "Condition": "<{data.Type, Converter=EnumEquals, Parameter=Rating}>",
                    "Setters": [
                        {
                            "Property": "RenderIf",
                            "Value": true
                        }
                    ]
                },
                {
                    "Condition": "<{data.IsBig}>",
                    "Setters": [
                        {
                            "Property": "FontSize",
                            "Value": "32"
                        }
                    ]
                },
                {
                    "Condition": "<{data.IsSmall}>",
                    "Setters": [
                        {
                            "Property": "FontSize",
                            "Value": "28"
                        }
                    ]
                }
            ]
        },
        //stints
        {
            "BlockType": "itemstack",
            "Width": 380,
            "Height": "*",
            "Spacing": 4,
            "Padding": "20, 0",
            "ItemStackOptions": {
                "ItemSource": "<{data.Stints}>",
                "ItemTemplate": {
                    "BlockType": "stack",
                    "VerticalAlignment": "Center",
                    "MarginRight": 4,
                    "Spacing": 3,
                    "Items": [
                        {
                            "BlockType": "image",
                            "Height": 36,
                            "VerticalAlignment": "Center",
                            "Source": "tyres/tyres_{Item.Tyres}.png"
                        },
                        {
                            "BlockType": "text",
                            "MarginTop": 3,
                            "Source": "{Item.Laps}",
                            "HorizontalAlignment": "Center",
                            "VerticalAlignment": "Center",
                            "Foreground": "<fg>",
                            "TextOptions": {
                                "FontName": "{FontNameDefault}",
                                "FontSize": 18,
                                "HorizontalAlignment": "Center"
                            },
                            "Triggers": [
                                {
                                    "Condition": "{Item.IsPercentage}",
                                    "Property": "Source",
                                    "Value": "{Item.Percentage, Converter=StringAdd, Parameter=%}"
                                }
                            ]
                        }
                    ]
                }
            }
        },
        //tyres
        {
            "BlockType": "stack",
            "RenderIf": false,
            "Width": 150,
            "Height": "*",
            "VerticalAlignment": "Center",
            "HorizontalAlignment": "Center",
            "Triggers": [
                {
                    "Condition": "<{data.Type, Converter=EnumEquals, Parameter=Tyres}>",
                    "Setters": [
                        {
                            "Property": "RenderIf",
                            "Value": true
                        }
                    ]
                }
            ],
            "Items": [
                {
                    "BlockType": "image",
                    "Source": "tyres/tyres_<{data.Tyres}><t>.png",
                    "VerticalAlignment": "Center",
                    "HorizontalAlignment": "Center",
                    "Height": 38
                },
                {
                    "BlockType": "text",
                    "MarginTop": 3,
                    "MarginLeft": 4,
                    "Source": "<{data.Value}>",
                    "HorizontalAlignment": "Center",
                    "VerticalAlignment": "Center",
                    "Foreground": "<fg>",
                    "TextOptions": {
                        "FontName": "{FontNameDefault}",
                        "FontSize": 19,
                        "HorizontalAlignment": "Center"
                    }
                }
            ]
        },
        //driver short
        {
            "BlockType": "dock",
            "RenderIf": false,
            "Width": 350,
            "Height": "*",
            "Padding": "20, 0",
            "VerticalAlignment": "Center",
            "Triggers": [
                {
                    "Condition": "<{data.Type, Converter=EnumEquals, Parameter=DriverCompact}>",
                    "Setters": [
                        {
                            "Property": "RenderIf",
                            "Value": true
                        }
                    ]
                }
            ],
            "Items": [
                //left part
                {
                    "BlockType": "stack",
                    "HorizontalAlignment": "Left",
                    "VerticalAlignment": "Center",
                    "Items": [
                        //name
                        {
                            "BlockType": "text",
                            "MarginTop": 3,
                            "MaxWidth": 400,
                            "MarginLeft": 8,
                            "Foreground": "<fg>",
                            "Source": "<{data.RawValue.Name}>",
                            "HorizontalAlignment": "Left",
                            "VerticalAlignment": "Center",
                            "FontName": "{FontNameDefault}",
                            "FontSize": 30
                        }
                    ]
                }
            ]
        }
    ]
}