{
    "BlockRoot": {
        "Name": "mainStack",
        "BlockType": "stack",
        "Margin": "0,0,60,0",
        "Orientation": "Vertical",
        "Items": [
            {
                "BlockType": "stack",
                "Orientation": "Horizontal",
                "HorizontalAlignment": "Center",
                "Items": [
                    {
                        "BlockType": "stack",
                        "Orientation": "Horizontal",
                        "HorizontalAlignment": "Center",
                        "Items": [
                            {
                                "BlockType": "image",
                                "Margin": "0, 0, 60, 0",
                                "Source": "components/thegrid.{g1}.png",
                                "Height": 2100,
                                "Width": 297,
                                "Triggers": [
                                    {
                                        "Condition": "{g1, Converter=StringEquals, Parameter=Custom Colour}",
                                        "ConditionOr": "{g1, Converter=StringEquals, Parameter=Purple}",
                                        "Property": "Source",
                                        "Value": "components/thegrid.Dark.png"
                                    }
                                ]
                            },
                            {
                                "BlockType": "stack",
                                "HorizontalAlignment": "Center",
                                "Margin": "0,60,0,0",
                                "Items": [
                                    {
                                        "BlockType": "stack",
                                        "MarginTop": 52,
                                        "Orientation": "Horizontal",
                                        "Items": [
                                            {
                                                "BlockType": "itemstack",
                                                "Orientation": "Vertical",
                                                "ItemStackOptions": {
                                                    "ItemSource": "{Session.Drivers}",
                                                    "ItemTemplate": {
                                                        "BlockType": "component",
                                                        "Component": "/the grid/DriverLineGrid",
                                                        "ComponentOptions": {
                                                            "Vars": {
                                                                "renderif": "{Item.Position, Converter=NumberIsOdd}"
                                                            }
                                                        }
                                                    }
                                                }
                                            }
                                        ]
                                    },
                                    {
                                        "BlockType": "stack",
                                        "Orientation": "Vertical",
                                        "MarginLeft": 50,
                                        "Items": [
                                            {
                                                "BlockType": "stack",
                                                "Margin": "0, 0, 0, 40",
                                                "Spacing": 20,
                                                "HorizontalAlignment": "Right",
                                                "Items": [
                                                    {
                                                        "BlockType": "text",
                                                        "Padding": "0,5",
                                                        "Source": "{Season.Name, Converter=StringToUpperString}",
                                                        "FontSize": 90,
                                                        "Foreground": "{{g1}}",
                                                        "FontName": "{FontNameBlack}",
                                                        "TextOptions": {
                                                            "HorizontalAlignment": "Center"
                                                        },
                                                        "Triggers": [
                                                            {
                                                                "Condition": "{g5, Converter=StringEquals, Parameter=Category Name}",
                                                                "Property": "Source",
                                                                "Value": "{Season.MainLeagueCategory.Name}"
                                                            },
                                                            {
                                                                "Condition": "{g5, Converter=StringEquals, Parameter=Category Short Name}",
                                                                "Property": "Source",
                                                                "Value": "{Season.MainLeagueCategory.ShortName}"
                                                            }
                                                        ]
                                                    },
                                                    {
                                                        "BlockType": "text",
                                                        "Padding": "0,5",
                                                        "Source": "[{Session.Track.CircuitName, Converter=StringToUpperString} GP]",
                                                        "FontSize": 90,
                                                        "Foreground": "{{g1}}",
                                                        "FontName": "{FontNameBlack}",
                                                        "TextOptions": {
                                                            "HorizontalAlignment": "Center"
                                                        },
                                                        "Triggers": [
                                                            {
                                                                "Condition": "{gri3}",
                                                                "Property": "Source",
                                                                "Value": "[{Session.Track.CircuitName, Converter=StringToUpperString} SPRINT]"
                                                            }
                                                        ]
                                                    },
                                                    {
                                                        "Name": "leagueLogo",
                                                        "Padding": "0,5",
                                                        "BlockType": "image",
                                                        "VerticalAlignment": "Center",
                                                        "Height": "{g4}",
                                                        "Margin": "0, -6, 0, 0",
                                                        "Source": "{Season.LeagueInfo.LeagueLogo}",
                                                        "Triggers": [
                                                            {
                                                                "Condition": "{Season.LeagueInfo.LeagueLogo, Converter=EmptyObjectToTrue}",
                                                                "Setters": [
                                                                    {
                                                                        "Property": "Source",
                                                                        "Value": "logotypes/f1_logo.png"
                                                                    },
                                                                    {
                                                                        "Property": "Height",
                                                                        "Value": 68
                                                                    }
                                                                ]
                                                            }
                                                        ]
                                                    }
                                                ]
                                            },
                                            {
                                                "BlockType": "itemstack",
                                                "Orientation": "Vertical",
                                                "ItemStackOptions": {
                                                    "ItemSource": "{Session.Drivers}",
                                                    "ItemTemplate": {
                                                        "BlockType": "component",
                                                        "Component": "/the grid/DriverLineGrid",
                                                        "ComponentOptions": {
                                                            "Vars": {
                                                                "renderif": "{Item.Position, Converter=NumberIsEven}"
                                                            }
                                                        }
                                                    }
                                                }
                                            }
                                        ]
                                    }
                                ]
                            }
                        ]
                    }
                ]
            }
        ]
    }
}