{
    "BlockRoot": {
        "BlockType": "itemstack",
        "HorizontalAlignment": "Center",
        "Margin": "0,25,0,0",
        "Orientation": "Vertical",
        "Width": 2200,
        "Height": 2750,
        "ItemStackOptions": {
            "ItemSource": "{Standings.Teams}",
            "Limit": 1,
            "IndexStart": "{com1, Converter=NumberSubtract, Parameter=1}",
            "ItemTemplate": {
                "BlockType": "stack",
                "Orientation": "Vertical",
                "HorizontalAlignment": "Center",
                "Items": [
                    {
                        "BlockType": "stack",
                        "Orientation": "Vertical",
                        "HorizontalAlignment": "Center",
                        "VerticalAlignment": "Center",
                        "Items": [
                            {
                                "BlockType": "component",
                                "Component": "/comparison/HeaderBlockName"
                            }
                        ]
                    },
                    {
                        "BlockType": "text",
                        "Padding": "0,40",
                        "HorizontalAlignment": "Center",
                        "Source": "{Season.Name, Converter=StringToUpperString} {Item.{{{Type}}}.Name, Converter=StringToUpperString} [HEAD-TO-HEAD]",
                        "Style": "NameBlack1",
                        "Foreground": "{{g1}}",
                        "Triggers": [
                            {
                                "Condition": "{g5, Converter=StringEquals, Parameter=Category Name}",
                                "Property": "Source",
                                "Value": "{Season.MainLeagueCategory.Name, Converter=StringToUpperString} {Item.{{{Type}}}.Name, Converter=StringToUpperString} [HEAD-TO-HEAD]"
                            },
                            {
                                "Condition": "{g5, Converter=StringEquals, Parameter=Category Short Name}",
                                "Property": "Source",
                                "Value": "{Season.MainLeagueCategory.ShortName, Converter=StringToUpperString} {Item.{{{Type}}}.Name, Converter=StringToUpperString} [HEAD-TO-HEAD]"
                            }
                        ]
                    },
                    {
                        "BlockType": "stack",
                        "HorizontalAlignment": "Center",
                        "Spacing": 5,
                        "Orientation": "Vertical",
                        "Items": [
                            {
                                "BlockType": "stack",
                                "Orientation": "Vertical",
                                "HorizontalAlignment": "Center",
                                "Items": [
                                    {
                                        "BlockType": "text",
                                        "HorizontalAlignment": "Center",
                                        "Source": "[POINTS]",
                                        "Style": "NameDefault1",
                                        "Foreground": "{{g1}}"
                                    },
                                    {
                                        "BlockType": "stack",
                                        "HorizontalAlignment": "Center",
                                        "Orientation": "Horizontal",
                                        "Items": [
                                            {
                                                "BlockType": "component",
                                                "Component": "/comparison/RightStatsBar",
                                                "ComponentOptions": {
                                                    "Vars": {
                                                        "stat": "{{Item.Driver0.Points.IntValue, Converter=NumberMultiply, Parameter=100}, Converter=NumberDivide, Parameter={Item.Points.IntValue}}",
                                                        "statvalue": "{Item.Driver0.Points}"
                                                    }
                                                },
                                                "Triggers": [
                                                    {
                                                        "Condition": "{Item.Driver0.Points.IntValue, Converter=NumberEquals, Parameter=0}",
                                                        "Setters": [
                                                            {
                                                                "ComponentVar": "stat",
                                                                "Value": 2
                                                            },
                                                            {
                                                                "ComponentVar": "statvalue",
                                                                "Value": "0"
                                                            }
                                                        ]
                                                    }
                                                ]
                                            },
                                            {
                                                "BlockType": "component",
                                                "Component": "/comparison/LeftStatsBar",
                                                "ComponentOptions": {
                                                    "Vars": {
                                                        "stat": "{{{Item.Driver1.Points.IntValue, Converter=NumberMultiply, Parameter=100}, Converter=NumberDivide, Parameter={Item.Points.IntValue}}}",
                                                        "statvalue": "{Item.Driver1.Points}"
                                                    }
                                                },
                                                "Triggers": [
                                                    {
                                                        "Condition": "{Item.Driver1.Points.IntValue, Converter=NumberLess, Parameter=1}",
                                                        "Setters": [
                                                            {
                                                                "ComponentVar": "stat",
                                                                "Value": 1
                                                            },
                                                            {
                                                                "ComponentVar": "statvalue",
                                                                "Value": "0"
                                                            }
                                                        ]
                                                    }
                                                ]
                                            }
                                        ]
                                    }
                                ]
                            },
                            {
                                "BlockType": "shape",
                                "Margin": "0,0,0,20",
                                "HorizontalAlignment": "Center",
                                "Width": 2000,
                                "Height": 4,
                                "ShapeOptions": {
                                    "Fill": "{{g1}}"
                                }
                            },
                            {
                                "BlockType": "stack",
                                "Orientation": "Vertical",
                                "HorizontalAlignment": "Center",
                                "Items": [
                                    {
                                        "BlockType": "text",
                                        "HorizontalAlignment": "Center",
                                        "Source": "[CHAMPIONSHIP POSITION]",
                                        "Style": "NameDefault1",
                                        "Foreground": "{{g1}}"
                                    },
                                    {
                                        "BlockType": "stack",
                                        "HorizontalAlignment": "Center",
                                        "Orientation": "Horizontal",
                                        "Items": [
                                            {
                                                "BlockType": "component",
                                                "Component": "/comparison/RightStatsBar",
                                                "ComponentOptions": {
                                                    "Vars": {
                                                        "stat": "{105, Converter=NumberSubtract, Parameter={{Item.Driver0.Position, Converter=NumberMultiply, Parameter=100}, Converter=NumberDivide, Parameter={Season.GridSize}}}",
                                                        "statvalue": "{Item.Driver0.Position}",
                                                        "statvalue1": "[TH]"
                                                    }
                                                },
                                                "Triggers": [
                                                    {
                                                        "Condition": "{Item.Driver0.Position, Converter=EmptyObjectToTrue}",
                                                        "ConditionOr": "{Item.Driver0.Position, Converter=NumberGreater, Parameter={Season.GridSize}}",
                                                        "ComponentVar": "stat",
                                                        "Value": 2
                                                    },
                                                    {
                                                        "Condition": "{Item.Driver0.Position, Converter=NumberEquals, Parameter=1}",
                                                        "ConditionOr": "{Item.Driver0.Position, Converter=NumberEquals, Parameter=21}",
                                                        "ComponentVar": "statvalue1",
                                                        "Value": "[ST]"
                                                    },
                                                    {
                                                        "Condition": "{Item.Driver0.Position, Converter=NumberEquals, Parameter=2}",
                                                        "ConditionOr": "{Item.Driver0.Position, Converter=NumberEquals, Parameter=22}",
                                                        "ComponentVar": "statvalue1",
                                                        "Value": "[ND]"
                                                    },
                                                    {
                                                        "Condition": "{Item.Driver0.Position, Converter=NumberEquals, Parameter=3}",
                                                        "ConditionOr": "{Item.Driver0.Position, Converter=NumberEquals, Parameter=23}",
                                                        "ComponentVar": "statvalue1",
                                                        "Value": "[RD]"
                                                    }
                                                ]
                                            },
                                            {
                                                "BlockType": "component",
                                                "Component": "/comparison/LeftStatsBar",
                                                "ComponentOptions": {
                                                    "Vars": {
                                                        "stat": "{105, Converter=NumberSubtract, Parameter={{Item.Driver1.Position, Converter=NumberMultiply, Parameter=100}, Converter=NumberDivide, Parameter={Season.GridSize}}}",
                                                        "statvalue": "{Item.Driver1.Position}",
                                                        "statvalue1": "[TH]"
                                                    }
                                                },
                                                "Triggers": [
                                                    {
                                                        "Condition": "{Item.Driver1.Position, Converter=EmptyObjectToTrue}",
                                                        "ConditionOr": "{Item.Driver1.Position, Converter=NumberGreater, Parameter={Season.GridSize}}",
                                                        "ComponentVar": "stat",
                                                        "Value": 1
                                                    },
                                                    {
                                                        "Condition": "{Item.Driver1.Position, Converter=NumberEquals, Parameter=1}",
                                                        "ConditionOr": "{Item.Driver1.Position, Converter=NumberEquals, Parameter=21}",
                                                        "ComponentVar": "statvalue1",
                                                        "Value": "[ST]"
                                                    },
                                                    {
                                                        "Condition": "{Item.Driver1.Position, Converter=NumberEquals, Parameter=2}",
                                                        "ConditionOr": "{Item.Driver1.Position, Converter=NumberEquals, Parameter=22}",
                                                        "ComponentVar": "statvalue1",
                                                        "Value": "[ND]"
                                                    },
                                                    {
                                                        "Condition": "{Item.Driver1.Position, Converter=NumberEquals, Parameter=3}",
                                                        "ConditionOr": "{Item.Driver1.Position, Converter=NumberEquals, Parameter=23}",
                                                        "ComponentVar": "statvalue1",
                                                        "Value": "[RD]"
                                                    }
                                                ]
                                            }
                                        ]
                                    }
                                ]
                            },
                            {
                                "BlockType": "shape",
                                "Margin": "0,0,0,20",
                                "HorizontalAlignment": "Center",
                                "Width": 2000,
                                "Height": 4,
                                "ShapeOptions": {
                                    "Fill": "{{g1}}"
                                }
                            },
                            {
                                "BlockType": "stack",
                                "Orientation": "Vertical",
                                "HorizontalAlignment": "Center",
                                "Items": [
                                    {
                                        "BlockType": "text",
                                        "HorizontalAlignment": "Center",
                                        "Source": "[WINS]",
                                        "Style": "NameDefault1",
                                        "Foreground": "{{g1}}"
                                    },
                                    {
                                        "BlockType": "stack",
                                        "HorizontalAlignment": "Center",
                                        "Orientation": "Horizontal",
                                        "Items": [
                                            {
                                                "BlockType": "component",
                                                "Component": "/comparison/RightStatsBar",
                                                "ComponentOptions": {
                                                    "Vars": {
                                                        "stat": "{{Item.Driver0.CountP1, Converter=NumberMultiply, Parameter=100}, Converter=NumberDivide, Parameter={Season.SeasonOverallNumberEvents}}",
                                                        "statvalue": "{Item.Driver0.CountP1}"
                                                    }
                                                },
                                                "Triggers": [
                                                    {
                                                        "Condition": "{Item.Driver0.CountP1, Converter=NumberEquals, Parameter=0}",
                                                        "ComponentVar": "stat",
                                                        "Value": 2
                                                    }
                                                ]
                                            },
                                            {
                                                "BlockType": "component",
                                                "Component": "/comparison/LeftStatsBar",
                                                "ComponentOptions": {
                                                    "Vars": {
                                                        "stat": "{{Item.Driver1.CountP1, Converter=NumberMultiply, Parameter=100}, Converter=NumberDivide, Parameter={Season.SeasonOverallNumberEvents}}",
                                                        "statvalue": "{Item.Driver1.CountP1}"
                                                    }
                                                },
                                                "Triggers": [
                                                    {
                                                        "Condition": "{Item.Driver1.CountP1, Converter=NumberEquals, Parameter=0}",
                                                        "ComponentVar": "stat",
                                                        "Value": 1
                                                    }
                                                ]
                                            }
                                        ]
                                    }
                                ]
                            },
                            {
                                "BlockType": "shape",
                                "Margin": "0,0,0,20",
                                "HorizontalAlignment": "Center",
                                "Width": 2000,
                                "Height": 4,
                                "ShapeOptions": {
                                    "Fill": "{{g1}}"
                                }
                            },
                            {
                                "BlockType": "stack",
                                "Orientation": "Vertical",
                                "HorizontalAlignment": "Center",
                                "Items": [
                                    {
                                        "BlockType": "text",
                                        "HorizontalAlignment": "Center",
                                        "Source": "[PODIUMS]",
                                        "Style": "NameDefault1",
                                        "Foreground": "{{g1}}"
                                    },
                                    {
                                        "BlockType": "stack",
                                        "HorizontalAlignment": "Center",
                                        "Orientation": "Horizontal",
                                        "Items": [
                                            {
                                                "BlockType": "component",
                                                "Component": "/comparison/RightStatsBar",
                                                "ComponentOptions": {
                                                    "Vars": {
                                                        "stat": "{{Item.Driver0.CountTop3, Converter=NumberMultiply, Parameter=100}, Converter=NumberDivide, Parameter={Season.SeasonOverallNumberEvents}}",
                                                        "statvalue": "{Item.Driver0.CountTop3}"
                                                    }
                                                },
                                                "Triggers": [
                                                    {
                                                        "Condition": "{Item.Driver0.CountTop3, Converter=NumberEquals, Parameter=0}",
                                                        "ComponentVar": "stat",
                                                        "Value": 2
                                                    }
                                                ]
                                            },
                                            {
                                                "BlockType": "component",
                                                "Component": "/comparison/LeftStatsBar",
                                                "ComponentOptions": {
                                                    "Vars": {
                                                        "stat": "{{Item.Driver1.CountTop3, Converter=NumberMultiply, Parameter=100}, Converter=NumberDivide, Parameter={Season.SeasonOverallNumberEvents}}",
                                                        "statvalue": "{Item.Driver1.CountTop3}"
                                                    }
                                                },
                                                "Triggers": [
                                                    {
                                                        "Condition": "{Item.Driver1.CountTop3, Converter=NumberEquals, Parameter=0}",
                                                        "ComponentVar": "stat",
                                                        "Value": 1
                                                    }
                                                ]
                                            }
                                        ]
                                    }
                                ]
                            },
                            {
                                "BlockType": "shape",
                                "Margin": "0,0,0,20",
                                "HorizontalAlignment": "Center",
                                "Width": 2000,
                                "Height": 4,
                                "ShapeOptions": {
                                    "Fill": "{{g1}}"
                                }
                            },
                            {
                                "BlockType": "stack",
                                "Orientation": "Vertical",
                                "HorizontalAlignment": "Center",
                                "Items": [
                                    {
                                        "BlockType": "text",
                                        "HorizontalAlignment": "Center",
                                        "Source": "[TOP 10 FINISHES]",
                                        "Style": "NameDefault1",
                                        "Foreground": "{{g1}}"
                                    },
                                    {
                                        "BlockType": "stack",
                                        "HorizontalAlignment": "Center",
                                        "Orientation": "Horizontal",
                                        "Items": [
                                            {
                                                "BlockType": "component",
                                                "Component": "/comparison/RightStatsBar",
                                                "ComponentOptions": {
                                                    "Vars": {
                                                        "stat": "{{Item.Driver0.CountTop10, Converter=NumberMultiply, Parameter=100}, Converter=NumberDivide, Parameter={Item.CountTop10}}",
                                                        "statvalue": "{Item.Driver0.CountTop10}"
                                                    }
                                                },
                                                "Triggers": [
                                                    {
                                                        "Condition": "{Item.Driver0.CountTop10, Converter=NumberEquals, Parameter=0}",
                                                        "ComponentVar": "stat",
                                                        "Value": 2
                                                    }
                                                ]
                                            },
                                            {
                                                "BlockType": "component",
                                                "Component": "/comparison/LeftStatsBar",
                                                "ComponentOptions": {
                                                    "Vars": {
                                                        "stat": "{{Item.Driver1.CountTop10, Converter=NumberMultiply, Parameter=100}, Converter=NumberDivide, Parameter={Item.CountTop10}}",
                                                        "statvalue": "{Item.Driver1.CountTop10}"
                                                    }
                                                },
                                                "Triggers": [
                                                    {
                                                        "Condition": "{Item.Driver1.CountTop10, Converter=NumberEquals, Parameter=0}",
                                                        "ComponentVar": "stat",
                                                        "Value": 1
                                                    }
                                                ]
                                            }
                                        ]
                                    }
                                ]
                            },
                            {
                                "BlockType": "shape",
                                "Margin": "0,0,0,20",
                                "HorizontalAlignment": "Center",
                                "Width": 2000,
                                "Height": 4,
                                "ShapeOptions": {
                                    "Fill": "{{g1}}"
                                }
                            },
                            {
                                "BlockType": "stack",
                                "Orientation": "Vertical",
                                "HorizontalAlignment": "Center",
                                "Items": [
                                    {
                                        "BlockType": "text",
                                        "HorizontalAlignment": "Center",
                                        "Source": "[BEST RACE FINISH]",
                                        "Style": "NameDefault1",
                                        "Foreground": "{{g1}}"
                                    },
                                    {
                                        "BlockType": "stack",
                                        "HorizontalAlignment": "Center",
                                        "Orientation": "Horizontal",
                                        "Items": [
                                            {
                                                "BlockType": "component",
                                                "Component": "/comparison/RightStatsBar",
                                                "ComponentOptions": {
                                                    "Vars": {
                                                        "stat": "{105, Converter=NumberSubtract, Parameter={{Item.Driver0.BestPos1, Converter=NumberMultiply, Parameter=100}, Converter=NumberDivide, Parameter={Season.GridSize}}}",
                                                        "statvalue": "{Item.Driver0.BestPos1}",
                                                        "statvalue1": "[TH]"
                                                    }
                                                },
                                                "Triggers": [
                                                    {
                                                        "Condition": "{Item.Driver0.BestPos1, Converter=NumberEquals, Parameter=0}",
                                                        "ConditionOr": "{Item.Driver0.BestPos1, Converter=EmptyObjectToTrue}",
                                                        "ComponentVar": "stat",
                                                        "Value": 2
                                                    },
                                                    {
                                                        "Condition": "{Item.Driver0.BestPos1, Converter=NumberEquals, Parameter=1}",
                                                        "ConditionOr": "{Item.Driver0.BestPos1, Converter=NumberEquals, Parameter=21}",
                                                        "ComponentVar": "statvalue1",
                                                        "Value": "[ST]"
                                                    },
                                                    {
                                                        "Condition": "{Item.Driver0.BestPos1, Converter=NumberEquals, Parameter=2}",
                                                        "ConditionOr": "{Item.Driver0.BestPos1, Converter=NumberEquals, Parameter=22}",
                                                        "ComponentVar": "statvalue1",
                                                        "Value": "[ND]"
                                                    },
                                                    {
                                                        "Condition": "{Item.Driver0.BestPos1, Converter=NumberEquals, Parameter=3}",
                                                        "ConditionOr": "{Item.Driver0.BestPos1, Converter=NumberEquals, Parameter=23}",
                                                        "ComponentVar": "statvalue1",
                                                        "Value": "[RD]"
                                                    }
                                                ]
                                            },
                                            {
                                                "BlockType": "component",
                                                "Component": "/comparison/LeftStatsBar",
                                                "ComponentOptions": {
                                                    "Vars": {
                                                        "stat": "{105, Converter=NumberSubtract, Parameter={{Item.Driver1.BestPos1, Converter=NumberMultiply, Parameter=100}, Converter=NumberDivide, Parameter={Season.GridSize}}}",
                                                        "statvalue": "{Item.Driver1.BestPos1}",
                                                        "statvalue1": "[TH]"
                                                    }
                                                },
                                                "Triggers": [
                                                    {
                                                        "Condition": "{Item.Driver1.BestPos1, Converter=NumberEquals, Parameter=0}",
                                                        "ConditionOr": "{Item.Driver1.BestPos1, Converter=EmptyObjectToTrue}",
                                                        "ComponentVar": "stat",
                                                        "Value": 1
                                                    },
                                                    {
                                                        "Condition": "{Item.Driver1.BestPos1, Converter=NumberEquals, Parameter=1}",
                                                        "ConditionOr": "{Item.Driver1.BestPos1, Converter=NumberEquals, Parameter=21}",
                                                        "ComponentVar": "statvalue1",
                                                        "Value": "[ST]"
                                                    },
                                                    {
                                                        "Condition": "{Item.Driver1.BestPos1, Converter=NumberEquals, Parameter=2}",
                                                        "ConditionOr": "{Item.Driver1.BestPos1, Converter=NumberEquals, Parameter=22}",
                                                        "ComponentVar": "statvalue1",
                                                        "Value": "[ND]"
                                                    },
                                                    {
                                                        "Condition": "{Item.Driver1.BestPos1, Converter=NumberEquals, Parameter=3}",
                                                        "ConditionOr": "{Item.Driver1.BestPos1, Converter=NumberEquals, Parameter=23}",
                                                        "ComponentVar": "statvalue1",
                                                        "Value": "[RD]"
                                                    }
                                                ]
                                            }
                                        ]
                                    }
                                ]
                            },
                            {
                                "BlockType": "shape",
                                "Margin": "0,0,0,20",
                                "HorizontalAlignment": "Center",
                                "Width": 2000,
                                "Height": 4,
                                "ShapeOptions": {
                                    "Fill": "{{g1}}"
                                }
                            },
                            {
                                "BlockType": "stack",
                                "Orientation": "Vertical",
                                "HorizontalAlignment": "Center",
                                "Items": [
                                    {
                                        "BlockType": "text",
                                        "HorizontalAlignment": "Center",
                                        "Source": "[HIGHEST GRID POSITION]",
                                        "Style": "NameDefault1",
                                        "Foreground": "{{g1}}"
                                    },
                                    {
                                        "BlockType": "stack",
                                        "HorizontalAlignment": "Center",
                                        "Orientation": "Horizontal",
                                        "Items": [
                                            {
                                                "BlockType": "component",
                                                "Component": "/comparison/RightStatsBar",
                                                "ComponentOptions": {
                                                    "Vars": {
                                                        "stat": "{105, Converter=NumberSubtract, Parameter={{Item.Driver0.BestPosQual, Converter=NumberMultiply, Parameter=100}, Converter=NumberDivide, Parameter={Season.GridSize}}}",
                                                        "statvalue": "{Item.Driver0.BestPosQual}",
                                                        "statvalue1": "[TH]"
                                                    }
                                                },
                                                "Triggers": [
                                                    {
                                                        "Condition": "{Item.Driver0.BestPosQual, Converter=NumberEquals, Parameter=0}",
                                                        "ConditionOr": "{Item.Driver0.BestPosQual, Converter=EmptyObjectToTrue}",
                                                        "ComponentVar": "stat",
                                                        "Value": 2
                                                    },
                                                    {
                                                        "Condition": "{Item.Driver0.BestPosQual, Converter=NumberEquals, Parameter=1}",
                                                        "ConditionOr": "{Item.Driver0.BestPosQual, Converter=NumberEquals, Parameter=21}",
                                                        "ComponentVar": "statvalue1",
                                                        "Value": "[ST]"
                                                    },
                                                    {
                                                        "Condition": "{Item.Driver0.BestPosQual, Converter=NumberEquals, Parameter=2}",
                                                        "ConditionOr": "{Item.Driver0.BestPosQual, Converter=NumberEquals, Parameter=22}",
                                                        "ComponentVar": "statvalue1",
                                                        "Value": "[ND]"
                                                    },
                                                    {
                                                        "Condition": "{Item.Driver0.BestPosQual, Converter=NumberEquals, Parameter=3}",
                                                        "ConditionOr": "{Item.Driver0.BestPosQual, Converter=NumberEquals, Parameter=23}",
                                                        "ComponentVar": "statvalue1",
                                                        "Value": "[RD]"
                                                    }
                                                ]
                                            },
                                            {
                                                "BlockType": "component",
                                                "Component": "/comparison/LeftStatsBar",
                                                "ComponentOptions": {
                                                    "Vars": {
                                                        "stat": "{105, Converter=NumberSubtract, Parameter={{Item.Driver1.BestPosQual, Converter=NumberMultiply, Parameter=100}, Converter=NumberDivide, Parameter={Season.GridSize}}}",
                                                        "statvalue": "{Item.Driver1.BestPosQual}",
                                                        "statvalue1": "[TH]"
                                                    }
                                                },
                                                "Triggers": [
                                                    {
                                                        "Condition": "{Item.Driver1.BestPosQual, Converter=NumberEquals, Parameter=0}",
                                                        "ConditionOr": "{Item.Driver1.BestPosQual, Converter=EmptyObjectToTrue}",
                                                        "ComponentVar": "stat",
                                                        "Value": 1
                                                    },
                                                    {
                                                        "Condition": "{Item.Driver1.BestPosQual, Converter=NumberEquals, Parameter=1}",
                                                        "ConditionOr": "{Item.Driver1.BestPosQual, Converter=NumberEquals, Parameter=21}",
                                                        "ComponentVar": "statvalue1",
                                                        "Value": "[ST]"
                                                    },
                                                    {
                                                        "Condition": "{Item.Driver1.BestPosQual, Converter=NumberEquals, Parameter=2}",
                                                        "ConditionOr": "{Item.Driver1.BestPosQual, Converter=NumberEquals, Parameter=22}",
                                                        "ComponentVar": "statvalue1",
                                                        "Value": "[ND]"
                                                    },
                                                    {
                                                        "Condition": "{Item.Driver1.BestPosQual, Converter=NumberEquals, Parameter=3}",
                                                        "ConditionOr": "{Item.Driver1.BestPosQual, Converter=NumberEquals, Parameter=23}",
                                                        "ComponentVar": "statvalue1",
                                                        "Value": "[RD]"
                                                    }
                                                ]
                                            }
                                        ]
                                    }
                                ]
                            },
                            {
                                "BlockType": "shape",
                                "Margin": "0,0,0,20",
                                "HorizontalAlignment": "Center",
                                "Width": 2000,
                                "Height": 4,
                                "ShapeOptions": {
                                    "Fill": "{{g1}}"
                                }
                            },
                            {
                                "BlockType": "stack",
                                "Orientation": "Vertical",
                                "HorizontalAlignment": "Center",
                                "Items": [
                                    {
                                        "BlockType": "text",
                                        "HorizontalAlignment": "Center",
                                        "Source": "[FASTEST LAPS]",
                                        "Style": "NameDefault1",
                                        "Foreground": "{{g1}}"
                                    },
                                    {
                                        "BlockType": "stack",
                                        "HorizontalAlignment": "Center",
                                        "Orientation": "Horizontal",
                                        "Items": [
                                            {
                                                "BlockType": "component",
                                                "Component": "/comparison/RightStatsBar",
                                                "ComponentOptions": {
                                                    "Vars": {
                                                        "stat": "{{Item.Driver0.RaceFastestLapCount, Converter=NumberMultiply, Parameter=100}, Converter=NumberDivide, Parameter={Season.SeasonOverallNumberEvents}}",
                                                        "statvalue": "{Item.Driver0.RaceFastestLapCount}"
                                                    }
                                                },
                                                "Triggers": [
                                                    {
                                                        "Condition": "{Item.Driver0.RaceFastestLapCount, Converter=NumberEquals, Parameter=0}",
                                                        "ComponentVar": "stat",
                                                        "Value": 2
                                                    }
                                                ]
                                            },
                                            {
                                                "BlockType": "component",
                                                "Component": "/comparison/LeftStatsBar",
                                                "ComponentOptions": {
                                                    "Vars": {
                                                        "stat": "{{Item.Driver1.RaceFastestLapCount, Converter=NumberMultiply, Parameter=100}, Converter=NumberDivide, Parameter={Season.SeasonOverallNumberEvents}}",
                                                        "statvalue": "{Item.Driver1.RaceFastestLapCount}"
                                                    }
                                                },
                                                "Triggers": [
                                                    {
                                                        "Condition": "{Item.Driver1.RaceFastestLapCount, Converter=NumberEquals, Parameter=0}",
                                                        "ComponentVar": "stat",
                                                        "Value": 1
                                                    }
                                                ]
                                            }
                                        ]
                                    }
                                ]
                            },
                            {
                                "BlockType": "shape",
                                "Margin": "0,0,0,20",
                                "HorizontalAlignment": "Center",
                                "Width": 2000,
                                "Height": 4,
                                "ShapeOptions": {
                                    "Fill": "{{g1}}"
                                }
                            },
                            {
                                "BlockType": "stack",
                                "Orientation": "Vertical",
                                "HorizontalAlignment": "Center",
                                "Items": [
                                    {
                                        "BlockType": "text",
                                        "HorizontalAlignment": "Center",
                                        "Source": "[POLES]",
                                        "Style": "NameDefault1",
                                        "Foreground": "{{g1}}"
                                    },
                                    {
                                        "BlockType": "stack",
                                        "HorizontalAlignment": "Center",
                                        "Orientation": "Horizontal",
                                        "Items": [
                                            {
                                                "BlockType": "component",
                                                "Component": "/comparison/RightStatsBar",
                                                "ComponentOptions": {
                                                    "Vars": {
                                                        "stat": "{{Item.Driver0.CountQualP1, Converter=NumberMultiply, Parameter=100}, Converter=NumberDivide, Parameter={Season.SeasonOverallNumberEvents}}",
                                                        "statvalue": "{Item.Driver0.CountQualP1}"
                                                    }
                                                },
                                                "Triggers": [
                                                    {
                                                        "Condition": "{Item.Driver0.CountQualP1, Converter=NumberEquals, Parameter=0}",
                                                        "ComponentVar": "stat",
                                                        "Value": 2
                                                    }
                                                ]
                                            },
                                            {
                                                "BlockType": "component",
                                                "Component": "/comparison/LeftStatsBar",
                                                "ComponentOptions": {
                                                    "Vars": {
                                                        "stat": "{{Item.Driver1.CountQualP1, Converter=NumberMultiply, Parameter=100}, Converter=NumberDivide, Parameter={Season.SeasonOverallNumberEvents}}",
                                                        "statvalue": "{Item.Driver1.CountQualP1}"
                                                    }
                                                },
                                                "Triggers": [
                                                    {
                                                        "Condition": "{Item.Driver1.CountQualP1, Converter=NumberEquals, Parameter=0}",
                                                        "ComponentVar": "stat",
                                                        "Value": 1
                                                    }
                                                ]
                                            }
                                        ]
                                    }
                                ]
                            },
                            {
                                "BlockType": "shape",
                                "Margin": "0,0,0,20",
                                "HorizontalAlignment": "Center",
                                "Width": 2000,
                                "Height": 4,
                                "ShapeOptions": {
                                    "Fill": "{{g1}}"
                                }
                            },
                            {
                                "BlockType": "stack",
                                "Orientation": "Vertical",
                                "HorizontalAlignment": "Center",
                                "Items": [
                                    {
                                        "BlockType": "text",
                                        "HorizontalAlignment": "Center",
                                        "Source": "[DOTD]",
                                        "Style": "NameDefault1",
                                        "Foreground": "{{g1}}"
                                    },
                                    {
                                        "BlockType": "stack",
                                        "HorizontalAlignment": "Center",
                                        "Orientation": "Horizontal",
                                        "Items": [
                                            {
                                                "BlockType": "component",
                                                "Component": "/comparison/RightStatsBar",
                                                "ComponentOptions": {
                                                    "Vars": {
                                                        "stat": "{{Item.Driver0.RaceDriverDayCount, Converter=NumberMultiply, Parameter=100}, Converter=NumberDivide, Parameter={Season.SeasonOverallNumberEvents}}",
                                                        "statvalue": "{Item.Driver0.RaceDriverDayCount}"
                                                    }
                                                },
                                                "Triggers": [
                                                    {
                                                        "Condition": "{Item.Driver0.RaceDriverDayCount, Converter=NumberEquals, Parameter=0}",
                                                        "ComponentVar": "stat",
                                                        "Value": 2
                                                    }
                                                ]
                                            },
                                            {
                                                "BlockType": "component",
                                                "Component": "/comparison/LeftStatsBar",
                                                "ComponentOptions": {
                                                    "Vars": {
                                                        "stat": "{{Item.Driver1.RaceDriverDayCount, Converter=NumberMultiply, Parameter=100}, Converter=NumberDivide, Parameter={Season.SeasonOverallNumberEvents}}",
                                                        "statvalue": "{Item.Driver1.RaceDriverDayCount}"
                                                    }
                                                },
                                                "Triggers": [
                                                    {
                                                        "Condition": "{Item.Driver1.RaceDriverDayCount, Converter=NumberEquals, Parameter=0}",
                                                        "ComponentVar": "stat",
                                                        "Value": 1
                                                    }
                                                ]
                                            }
                                        ]
                                    }
                                ]
                            },
                            {
                                "BlockType": "shape",
                                "Margin": "0,0,0,20",
                                "HorizontalAlignment": "Center",
                                "Width": 2000,
                                "Height": 4,
                                "ShapeOptions": {
                                    "Fill": "{{g1}}"
                                }
                            },
                            {
                                "BlockType": "stack",
                                "Orientation": "Vertical",
                                "HorizontalAlignment": "Center",
                                "Items": [
                                    {
                                        "BlockType": "text",
                                        "HorizontalAlignment": "Center",
                                        "Source": "[PENALTY POINTS]",
                                        "Style": "NameDefault1",
                                        "Foreground": "{{g1}}"
                                    },
                                    {
                                        "BlockType": "stack",
                                        "HorizontalAlignment": "Center",
                                        "Orientation": "Horizontal",
                                        "Items": [
                                            {
                                                "BlockType": "component",
                                                "Component": "/comparison/RightStatsBar",
                                                "ComponentOptions": {
                                                    "Vars": {
                                                        "stat": "{{Item.Driver0.PenaltyPoints, Converter=NumberMultiply, Parameter=100}, Converter=NumberDivide, Parameter={Item.PenaltyPoints}}",
                                                        "statvalue": "{Item.Driver0.PenaltyPoints}"
                                                    }
                                                },
                                                "Triggers": [
                                                    {
                                                        "Condition": "{Item.Driver0.PenaltyPoints, Converter=NumberEquals, Parameter=0}",
                                                        "ComponentVar": "stat",
                                                        "Value": 2
                                                    }
                                                ]
                                            },
                                            {
                                                "BlockType": "component",
                                                "Component": "/comparison/LeftStatsBar",
                                                "ComponentOptions": {
                                                    "Vars": {
                                                        "stat": "{{Item.Driver1.PenaltyPoints, Converter=NumberMultiply, Parameter=100}, Converter=NumberDivide, Parameter={Item.PenaltyPoints}}",
                                                        "statvalue": "{Item.Driver1.PenaltyPoints}"
                                                    }
                                                },
                                                "Triggers": [
                                                    {
                                                        "Condition": "{Item.Driver1.PenaltyPoints, Converter=NumberEquals, Parameter=0}",
                                                        "ComponentVar": "stat",
                                                        "Value": 1
                                                    }
                                                ]
                                            }
                                        ]
                                    }
                                ]
                            },
                            {
                                "BlockType": "shape",
                                "Margin": "0,0,0,20",
                                "HorizontalAlignment": "Center",
                                "Width": 2000,
                                "Height": 4,
                                "ShapeOptions": {
                                    "Fill": "{{g1}}"
                                }
                            },
                            {
                                "BlockType": "stack",
                                "Orientation": "Vertical",
                                "HorizontalAlignment": "Center",
                                "Items": [
                                    {
                                        "BlockType": "text",
                                        "HorizontalAlignment": "Center",
                                        "Source": "[DNF]",
                                        "Style": "NameDefault1",
                                        "Foreground": "{{g1}}"
                                    },
                                    {
                                        "BlockType": "stack",
                                        "HorizontalAlignment": "Center",
                                        "Orientation": "Horizontal",
                                        "Items": [
                                            {
                                                "BlockType": "component",
                                                "Component": "/comparison/RightStatsBar",
                                                "ComponentOptions": {
                                                    "Vars": {
                                                        "stat": "{{Item.Driver0.CountDnf, Converter=NumberMultiply, Parameter=100}, Converter=NumberDivide, Parameter={Season.SeasonOverallNumberEvents}}",
                                                        "statvalue": "{Item.Driver0.CountDnf}"
                                                    }
                                                },
                                                "Triggers": [
                                                    {
                                                        "Condition": "{Item.Driver0.CountDnf, Converter=NumberEquals, Parameter=0}",
                                                        "ComponentVar": "stat",
                                                        "Value": 2
                                                    }
                                                ]
                                            },
                                            {
                                                "BlockType": "component",
                                                "Component": "/comparison/LeftStatsBar",
                                                "ComponentOptions": {
                                                    "Vars": {
                                                        "stat": "{{Item.Driver1.CountDnf, Converter=NumberMultiply, Parameter=100}, Converter=NumberDivide, Parameter={Season.SeasonOverallNumberEvents}}",
                                                        "statvalue": "{Item.Driver1.CountDnf}"
                                                    }
                                                },
                                                "Triggers": [
                                                    {
                                                        "Condition": "{Item.Driver1.CountDnf, Converter=NumberEquals, Parameter=0}",
                                                        "ComponentVar": "stat",
                                                        "Value": 1
                                                    }
                                                ]
                                            }
                                        ]
                                    }
                                ]
                            },
                            {
                                "BlockType": "shape",
                                "Margin": "0,0,0,20",
                                "HorizontalAlignment": "Center",
                                "Width": 2000,
                                "Height": 4,
                                "ShapeOptions": {
                                    "Fill": "{{g1}}"
                                }
                            },
                            {
                                "BlockType": "stack",
                                "Orientation": "Vertical",
                                "HorizontalAlignment": "Center",
                                "Items": [
                                    {
                                        "BlockType": "text",
                                        "HorizontalAlignment": "Center",
                                        "Source": "[EVENTS]",
                                        "Style": "NameDefault1",
                                        "Foreground": "{{g1}}"
                                    },
                                    {
                                        "BlockType": "stack",
                                        "HorizontalAlignment": "Center",
                                        "Orientation": "Horizontal",
                                        "Items": [
                                            {
                                                "BlockType": "component",
                                                "Component": "/comparison/RightStatsBar",
                                                "ComponentOptions": {
                                                    "Vars": {
                                                        "stat": "{{Item.Driver0.EventsCount, Converter=NumberMultiply, Parameter=100}, Converter=NumberDivide, Parameter={Season.SeasonOverallNumberEvents}}",
                                                        "statvalue": "{Item.Driver0.EventsCount}"
                                                    }
                                                },
                                                "Triggers": [
                                                    {
                                                        "Condition": "{Item.Driver0.EventsCount, Converter=NumberEquals, Parameter=0}",
                                                        "ComponentVar": "stat",
                                                        "Value": 2
                                                    }
                                                ]
                                            },
                                            {
                                                "BlockType": "component",
                                                "Component": "/comparison/LeftStatsBar",
                                                "ComponentOptions": {
                                                    "Vars": {
                                                        "stat": "{{Item.Driver1.EventsCount, Converter=NumberMultiply, Parameter=100}, Converter=NumberDivide, Parameter={Season.SeasonOverallNumberEvents}}",
                                                        "statvalue": "{Item.Driver1.EventsCount}"
                                                    }
                                                },
                                                "Triggers": [
                                                    {
                                                        "Condition": "{Item.Driver1.EventsCount, Converter=NumberEquals, Parameter=0}",
                                                        "ComponentVar": "stat",
                                                        "Value": 1
                                                    }
                                                ]
                                            }
                                        ]
                                    }
                                ]
                            }
                        ]
                    }
                ]
            }
        }
    }
}