{
    "BlockRoot": {
        "Name": "mainStack",
        "BlockType": "stack",
        "Margin": "50,50,50,50",
        "Orientation": "Vertical",
        "Items": [
            {
                "BlockType": "component",
                "Component": "/calendar/HeaderBlockCalendar"
            },
            {
                "Spacing": 5,
                "BlockType": "itemstack",
                "Orientation": "Vertical",
                "ItemStackOptions": {
                    "ItemSource": "{Events.Events}",
                    "ItemTemplate": {
                        "BlockType": "component",
                        "Component": "ScheduleEvents"
                    }
                }
            }
        ]
    }
}