{
    "Name": "English",
    "Id": "en-GB",
    "Strings": {
        //global
        "Dark": "0E0F14",
        "Light": "E9E9EB",
        "Purple": "09081D",
        "Dark2": "14141C",
        "Light2": "FFFFFF",
        "Purple2": "131227",

        //team names (see global_vars.json for more team names)
        "MCLAREN": "McLAREN",

        //abbreviations // countries
        "UNITED STATES OF AMERICA": "USA",
        "UNITED ARAB EMIRATES": "ABU DHABI",
        "SPA-FRANCORCHAMPS": "SPA",

        //calendar
        "CALENDAR": "CALENDAR",
        "SÃO PAULO": "SAO PAULO",
        "LOCATIONS": "LOCATIONS",

        //dotd
        "ROUND": "ROUND",
        "OF THE": "OF THE",
        "DAY": "DAY",

        //driver ratings
        "RTG": "RTG",
        "EXP": "EXP",
        "RAC": "RAC",
        "AWA": "AWA",
        "PAC": "PAC",

        //var info
        "POLE": "POLE",
        "WINNER": "WINNER",
        "PODIUMP2": "PODIUM",
        "PODIUMP3": "PODIUM",
        "ON LAP": "ON LAP",

        //numerical
        "ST": "ST",
        "ND": "ND",
        "RD": "RD",
        "TH": "TH",
        "1ST": "1ST",
        "2ND": "2ND",
        "3RD": "3RD",

        //lineups
        "DRIVER LINE-UP": "DRIVER LINE-UP",
        "LINE-UP": "LINE-UP",

        //head-to-head
        "HEAD-TO-HEAD": "HEAD-TO-HEAD",
        "CHAMPIONSHIP POSITION": "CHAMPIONSHIP POSITION",
        "WINS": "WINS",
        "PODIUMS": "PODIUMS",
        "TOP 10 FINISHES": "TOP 10 FINISHES",
        "BEST RACE FINISH": "BEST RACE FINISH",
        "HIGHEST GRID POSITION": "HIGHEST GRID POSITION",
        "FASTEST LAPS": "FASTEST LAPS",
        "POLES": "POLES",
        "PENALTY POINTS": "PENALTY POINTS",
        "POINTS COMPARISON": "POINTS COMPARISON",
        "WINS COMPARISON": "WINS COMPARISON",
        "PODIUMS COMPARISON": "PODIUMS COMPARISON",
        "TOP 5 COMPARISON": "TOP 5 COMPARISON",
        "TOP 10 COMPARISON": "TOP 10 COMPARISON",
        "BETWEEN TEAM-MATES": "BETWEEN TEAM-MATES",     

        //sprint
        "BAHRAIN SPRINT": "BAHRAIN SPRINT",
        "JEDDAH SPRINT" : "SAUDI ARABIAN SPRINT",
        "MELBOURNE SPRINT": "AUSTRALIAN SPRINT",
        "SUZUKA SPRINT" : "JAPANESE SPRINT",
        "SHANGHAI SPRINT" : "CHINESE SPRINT",
        "MIAMI SPRINT": "MIAMI SPRINT",
        "IMOLA SPRINT": "EMILIA-ROMAGNA SPRINT",
        "MONACO SPRINT": "SPRINT DE MONACO",
        "MONTREAL SPRINT" : "SPRINT DU CANADA",
        "BARCELONA SPRINT" : "SPRINT DE ESPAÑA",
        "SPIELBERG SPRINT" : "AUSTRIAN SPRINT",
        "SILVERSTONE SPRINT" : "BRITISH SPRINT",
        "HUNGARORING SPRINT" : "HUNGARIAN SPRINT",
        "SPA-FRANCORCHAMPS SPRINT" : "BELGIAN SPRINT",
        "ZANDVOORT SPRINT" : "DUTCH SPRINT",
        "MONZA SPRINT" : "SPRINT D'ITALIA",
        "BAKU SPRINT" : "AZERBAIJAN SPRINT",
        "MARINA BAY SPRINT": "SINGAPORE SPRINT",
        "AUSTIN SPRINT" : "UNITED STATES SPRINT",
        "MEXICO SPRINT": "SPRINT DE MÉXICO",
        "INTERLAGOS SPRINT" : "SPRINT DE SÃO PAULO",
        "LOSAIL SPRINT": "QATAR SPRINT",
        "LAS VEGAS SPRINT": "LAS VEGAS SPRINT",
        "YAS MARINA SPRINT" : "ABU DHABI SPRINT",
        "PAUL RICARD SPRINT" : "SPRINT DE FRANCE",
        "PORTIMÃO SPRINT" : "SPRINT DE PORTUGAL",

        //gp
        "BAHRAIN GP": "BAHRAIN GP",
        "JEDDAH GP" : "SAUDI ARABIAN GP",
        "MELBOURNE GP": "AUSTRALIAN GP",
        "SUZUKA GP" : "JAPANESE GP",
        "SHANGHAI GP" : "CHINESE GP",
        "MIAMI GP": "MIAMI GP",
        "IMOLA GP": "EMILIA-ROMAGNA GP",
        "MONACO GP": "GP DE MONACO",
        "MONTREAL GP" : "GP DU CANADA",
        "BARCELONA GP" : "GP DE ESPAÑA",
        "SPIELBERG GP" : "AUSTRIAN GP",
        "SILVERSTONE GP" : "BRITISH GP",
        "HUNGARORING GP" : "HUNGARIAN GP",
        "SPA-FRANCORCHAMPS GP" : "BELGIAN GP",
        "ZANDVOORT GP" : "DUTCH GP",
        "MONZA GP" : "GP D'ITALIA",
        "BAKU GP" : "AZERBAIJAN GP",
        "MARINA BAY GP": "SINGAPORE GP",
        "AUSTIN GP" : "UNITED STATES GP",
        "MEXICO GP": "GP DE MÉXICO",
        "INTERLAGOS GP" : "GP DE SÃO PAULO",
        "LOSAIL GP": "QATAR GP",
        "LAS VEGAS GP": "LAS VEGAS GP",
        "YAS MARINA GP" : "ABU DHABI GP",
        "PAUL RICARD GP" : "GP DE FRANCE",
        "PORTIMÃO GP" : "GP DE PORTUGAL",

        //gp extended name
        "BAHRAIN GRAND PRIX": "GULF AIR BAHRAIN GRAND PRIX",
        "JEDDAH GRAND PRIX" : "STC SAUDI ARABIAN GRAND PRIX",
        "MELBOURNE GRAND PRIX": "ROLEX AUSTRALIAN GRAND PRIX",
        "SUZUKA GRAND PRIX" : "MSC CRUISES JAPANESE GRAND PRIX",
        "SHANGHAI GRAND PRIX" : "LENOVO CHINESE GRAND PRIX",
        "MIAMI GRAND PRIX": "CYRPTO.COM MIAMI GRAND PRIX",
        "IMOLA GRAND PRIX": "MSC CRUISES GRAN PREMIO DELL'EMILIA-ROMAGNA",
        "MONACO GRAND PRIX": "GRAND PRIX DE MONACO",
        "MONTREAL GRAND PRIX" : "AWS GRAND PRIX DU CANADA",
        "BARCELONA GRAND PRIX" : "ARAMCO GRAN PREMIO DE ESPAÑA",
        "SPIELBERG GRAND PRIX" : "QATAR AIRWAYS AUSTRIAN GRAND PRIX",
        "SILVERSTONE GRAND PRIX" : "QATAR AIRWAYS BRITISH GRAND PRIX",
        "HUNGARORING GRAND PRIX" : "HUNGARIAN GRAND PRIX",
        "SPA-FRANCORCHAMPS GRAND PRIX" : "ROLEX BELGIAN GRAND PRIX",
        "ZANDVOORT GRAND PRIX" : "HEINEKEN DUTCH GRAND PRIX",
        "MONZA GRAND PRIX" : "PIRELLI GRAN PREMIO D'ITALIA",
        "BAKU GRAND PRIX" : "QATAR AIRWAYS AZERBAIJAN GRAND PRIX",
        "MARINA BAY GRAND PRIX": "SINGAPORE AIRLINES SINGAPORE GRAND PRIX",
        "AUSTIN GRAND PRIX" : "PIRELLI UNITED STATES GRAND PRIX",
        "MEXICO GRAND PRIX": "GRAN PREMIO DE LA CIUDAD DE MÉXICO",
        "INTERLAGOS GRAND PRIX" : "LENOVO GRANDE PRÊMIO DE SÃO PAULO",
        "LOSAIL GRAND PRIX": "QATAR AIRWAYS QATAR GRAND PRIX",
        "LAS VEGAS GRAND PRIX": "HEINEKEN SILVER LAS VEGAS GRAND PRIX",
        "YAS MARINA GRAND PRIX" : "ETIHAD AIRWAYS ABU DHABI GRAND PRIX",
        "PAUL RICARD GRAND PRIX" : "GRAND PRIX DE FRANCE",
        "PORTIMÃO GRAND PRIX" : "GRANDE PRÉMIO DE PORTUGAL",

        //month codes
        "January": "JAN",
        "February": "FEB",
        "March": "MAR",
        "April": "APR",
        "May": "MAY",
        "June": "JUN",
        "July": "JUL",
        "August": "AUG",
        "September": "SEP",
        "October": "OCT",
        "November": "NOV",
        "December": "DEC",
        //date manipulation examples
        "18 JUN": "18-20 JUN",

        //champion
        "CHAMPION": "CHAMPION",
        "1 WINS": "1 WIN",
        "1 PODIUMS": "1 PODIUM",
        "DRIVERS'": "DRIVERS'",
        "CONSTRUCTORS'": "CONSTRUCTORS'",

        //standard renders
        "POINTS": "POINTS",
        "GAIN": "GAIN",
        "INT.": "INT.",
        "GAP": "GAP",
        "P1": "P1",
        "P2": "P2",
        "P3": "P3",
        "TOP 5": "TOP 5",
        "TOP 10": "TOP 10",
        "BEST": "BEST",
        "BEST Q": "BEST Q",
        "DOTD": "DOTD",
        "FL": "FL",
        "PP": "PP",
        "DNF": "DNF",
        "EVENTS": "EVENTS",
        //
        "MAIN CLASSIFICATION": "RACE CLASSIFICATION",
        "QUALIFICATION CLASSIFICATION": "QUALIFICATION CLASSIFICATION",
        "QUALIFICATION COMPARISON": "QUALIFICATION COMPARISON",
        "SPRINT CLASSIFICATION": "SPRINT CLASSIFICATION",
        "TIME": "TIME",
        "LAPS": "LAPS",
        "GRID": "GRID",
        "STOPS": "STOPS",
        "KPH": "KPH",
        "OVER.": "OVER.",
        "PEN.": "PEN.",
        "STEW.": "STEW.",
        "GAME": "GAME",
        "FASTEST": "FASTEST",
        "LAP": "LAP",
        "TYRE": "TYRE",
        "S1": "S1",
        "S2": "S2",
        "S3": "S3",
        "No Time": "No Time",
        "point": "point",
        "points": "points",
        //tyres
        "AVAILABLE TYRES:": "AVAILABLE TYRES:",
        "SOFT": "SOFT",
        "MEDIUM": "MEDIUM",
        "HARD": "HARD",
        "INTERMEDIATE": "INTERMEDIATE",
        "WET": "WET",
        "PIT STOPS": "PIT STOPS",

        //standings
        "DRIVERS' CHAMPIONSHIP": "DRIVERS' CHAMPIONSHIP",
        "CONSTRUCTORS' CHAMPIONSHIP": "CONSTRUCTORS' CHAMPIONSHIP",
        "POINTS AFTER THE": "POINTS AFTER THE",
        "DRIVER": "DRIVER",
        "TEAM": "TEAM",
        "STANDINGS": "STANDINGS",
        "Points": "",
        "CountP1": "P1",
        "CountP2": "P2",
        "CountP3": "P3",
        "CountTop3": "PODIUMS",
        "CountTop10": "TOP 10",
        "BestPos": "BEST",
        "RaceFastestLapCount": "FL",
        "CountQualP1": "POLES",
        "RaceDriverDayCount": "DOTD",
        "PenaltyPoints": "PP",
        "CountDnf": "DNF",
        "EventsCount": "EVENTS",
        "PointsToAboveDiff": "INT.",
        "PointsToLeaderDiff": "GAP", 
        "C": "C",
        "c": "c",

        //session stats
        "PURE RACE PACE": "PURE RACE PACE",
        "CONSISTENCY RATING": "CONSISTENCY RATING",
        "ATTACK RATING": "ATTACK RATING",
        "DEFENCE RATING": "DEFENCE RATING",
        "TOP BATTLES": "TOP BATTLES",
        "LONGEST STINTS": "LONGEST STINTS",
        "RATING": "RATING",
        "BATTLES": "BATTLES",
        "WIN %": "WIN%",
        "QUALITY": "QUALITY",
        "LOST POS": "LOST POS",
        "PURE TIME": "PURE TIME",
        "TYRE COMPOUND USAGE": "TYRE USAGE",
        "OVERTAKES": "OVERT.",
        "AVG DIFF": "AVG DIFF",

        //season stats
        "PTS": "PTS",
        "RACES": "RACES",
        "POS.": "POS.",
        "QUALS": "QUALS",
        "%": "%",
        "TYRES": "TYRES",
        "STATISTICS": "STATISTICS",
        "SEASON PENALTIES": "SEASON PENALTIES",
        "DURATION": "DURATION",
        "HOT DURATION": "HOT DUR.",
        "OVERTAKE": "OVERT.",
        "TYRES A": "TYRE A",
        "TYRES B": "TYRE B",
        "PenaltyDescription": "PPA - Active penalty points, WA - Active warnings, PTS - Penalty time (seconds) by stewards, PPS - Penalty positions by stewards, PTG - Penalty time (seconds) by game, PPO - Penalty points overall, WO - Warnings overall",

        "PRE-SEASON": "PRE-SEASON"
    }
}