{
        "Name": "French",
        "Id": "fr-FR",
        "Vars": {
                "FastestFontSize": 374,
                "WinnerFontSize": 323
        },
        "Strings": {
                //global
                "Dark": "0E0F14",
                "Light": "E9E9EB",
                "Purple": "09081D",
                "Dark2": "14141C",
                "Light2": "FFFFFF",
                "Purple2": "131227",
                //team names (see global_vars.json for more team names)
                "MCLAREN": "McLAREN",
                //abbreviations / countries
                "BELGIUM": "BELGIQUE",
                "MEXICO": "MEXIQUE",
                "UNITED STATES OF AMERICA": "ÉTATS-UNIS",
                "AUSTRIA": "AUTRICHE",
                "BAHRAIN": "BAHREÏN",
                "BRAZIL": "BRÉSIL",
                "SAUDI ARABIA": "ARABIE SAOUDITE",
                "HUNGARY": "HONGRIE",
                "JAPAN": "JAPON",
                "NETHERLANDS": "PAYS-BAS",
                "ITALY": "ITALIE",
                "SPAIN": "ESPAGNE",
                "CHINA": "CHINE",
                "AUSTRALIA": "AUSTRALIE",
                "SINGAPORE": "SINGAPOUR",
                "UNITED ARAB EMIRATES": "ÉMIRATS ARABES UNIS",
                "UNITED KINGDOM": "GRANDE BRETAGNE",
                "AZERBAIJAN": "AZERBAÏDJAN",
                "SPA-FRANCORCHAMPS": "SPA",
                //calendar
                "CALENDAR": "CALENDRIER",
                "SÃO PAULO": "SAO PAULO",
                //dotd
                "ROUND": "RONDE",
                "OF THE": "DU",
                "DAY": "JOUR",
                //driver ratings
                "RTG": "RTG",
                "EXP": "EXP",
                "RAC": "RAC",
                "AWA": "AWA",
                "PAC": "PAC",
                //var info
                "POLE": "POLE",
                "WINNER": "VAINQUEUR",
                "PODIUMP2": "PODIUM",
                "PODIUMP3": "PODIUM",
                "ON LAP": "EN TOUR",
                //numerical
                "ST": "ER",
                "ND": "E",
                "RD": "E",
                "TH": "E",
                "1ST": "1ER",
                "2ND": "2E",
                "3RD": "3E",
                //lineups
                "DRIVER LINE-UP": "LINE-UP DES PILOTES",
                "LINE-UP": "LINE-UP",
                //head-to-head
                "HEAD-TO-HEAD": "FACE À FACE",
                "CHAMPIONSHIP POSITION": "POSITION AU CHAMPIONNAT",
                "WINS": "VICTOIRES",
                "PODIUMS": "PODIUMS",
                "TOP 10 FINISHES": "TOP 10",
                "BEST RACE FINISH": "MEILLEUR RESULTAT",
                "HIGHEST GRID POSITION": "MEILLEURE POSITION DE DÉPART",
                "FASTEST LAPS": "TOURS RAPIDES",
                "POLES": "POLES",
                "PENALTY POINTS": "POINTS DE PENALITE",
                //sprint
                "BAHRAIN SPRINT": "SPRINT DE BAHREÏN",
                "JEDDAH SPRINT": "SPRINT D'ARABIE SAOUDITE",
                "MELBOURNE SPRINT": "SPRINT D'AUSTRALIE",
                "SUZUKA SPRINT": "SPRINT DU JAPON",
                "SHANGHAI SPRINT": "SPRINT DE CHINE",
                "MIAMI SPRINT": "SPRINT DE MIAMI",
                "IMOLA SPRINT": "SPRINT D'EMILIE-ROMAGNE",
                "MONACO SPRINT": "SPRINT DE MONACO",
                "MONTREAL SPRINT": "SPRINT DU CANADA",
                "BARCELONA SPRINT": "SPRINT D'ESPAGNE",
                "SPIELBERG SPRINT": "SPRINT D'AUTRICHE",
                "SILVERSTONE SPRINT": "SPRINT DE LA GRANDE-BRETAGNE",
                "HUNGARORING SPRINT": "SPRINT D'HONGRIE",
                "SPA-FRANCORCHAMPS SPRINT": "SPRINT DE BELGIQUE",
                "ZANDVOORT SPRINT": "SPRINT DES PAYS-BAS",
                "MONZA SPRINT": "SPRINT D'ITALIE",
                "BAKU SPRINT": "SPRINT D'AZERBAIDJAN",
                "MARINA BAY SPRINT": "SPRINT DE SINGAPOUR",
                "AUSTIN SPRINT": "SPRINT DES ETATS-UNIS",
                "MEXICO SPRINT": "SPRINT DU MEXIQUE",
                "INTERLAGOS SPRINT": "SPRINT DU BRESIL",
                "LOSAIL SPRINT": "SPRINT DU QATAR",
                "LAS VEGAS SPRINT": "SPRINT DE LAS VEGAS",
                "YAS MARINA SPRINT": "SPRINT D'ABU DHABI",
                "PAUL RICARD SPRINT": "SPRINT DE FRANCE",
                "PORTIMÃO SPRINT": "SPRINT DU PORTUGAL",
                //gp
                "BAHRAIN GP": "GP DE BAHREÏN",
                "JEDDAH GP": "GP D'ARABIE SAOUDITE",
                "MELBOURNE GP": "GP D'AUSTRALIE",
                "SUZUKA GP": "GP DU JAPON",
                "SHANGHAI GP": "GP DE CHINE",
                "MIAMI GP": "GP DE MIAMI",
                "IMOLA GP": "GP D'EMILIE-ROMAGNE",
                "MONACO GP": "GP DE MONACO",
                "MONTREAL GP": "GP DU CANADA",
                "BARCELONA GP": "GP D'ESPAGNE",
                "SPIELBERG GP": "GP D'AUTRICHE",
                "SILVERSTONE GP": "GP DE LA GRANDE-BRETAGNE",
                "HUNGARORING GP": "GP D'HONGRIE",
                "SPA-FRANCORCHAMPS GP": "GP DE BELGIQUE",
                "ZANDVOORT GP": "GP DES PAYS-BAS",
                "MONZA GP": "GP D'ITALIE",
                "BAKU GP": "GP D'AZERBAIDJAN",
                "MARINA BAY GP": "GP DE SINGAPOUR",
                "AUSTIN GP": "GP DES ETATS-UNIS",
                "MEXICO GP": "GP DU MEXIQUE",
                "INTERLAGOS GP": "GP DU BRESIL",
                "LOSAIL GP": "GP DU QATAR",
                "LAS VEGAS GP": "GP DE LAS VEGAS",
                "YAS MARINA GP": "GP D'ABU DHABI",
                "PAUL RICARD GP": "GP DE FRANCE",
                "PORTIMÃO GP": "GP DU PORTUGAL",
                //gp extended name
                "BAHRAIN GRAND PRIX": "GRAND PRIX DE BAHREÏN GULF AIR",
                "JEDDAH GRAND PRIX": "GRAND PRIX D'ARABIE SAOUDITE STC",
                "MELBOURNE GRAND PRIX": "GRAND PRIX D'AUSTRALIE ROLEX",
                "SUZUKA GRAND PRIX": "GRAND PRIX DU JAPON MSC CRUISES",
                "SHANGHAI GRAND PRIX": "GRAND PRIX DE CHINE LENOVO",
                "MIAMI GRAND PRIX": "GRAND PRIX DE MIAMI CYRPTO.COM",
                "IMOLA GRAND PRIX": "GRAND PRIX D'EMILIE-ROMAGNE MSC CRUISES",
                "MONACO GRAND PRIX": "GRAND PRIX DE MONACO",
                "MONTREAL GRAND PRIX": "GRAND PRIX DU CANADA AWS",
                "BARCELONA GRAND PRIX": "GRAND PRIX D'ESPAGNE ARAMCO",
                "SPIELBERG GRAND PRIX": "GRAND PRIX D'AUTRICHE QATAR AIRWAYS",
                "SILVERSTONE GRAND PRIX": "GRAND PRIX DE LA GRANDE-BRETAGNE QATAR AIRWAYS",
                "HUNGARORING GRAND PRIX": "GRAND PRIX D'HONGRIE",
                "SPA-FRANCORCHAMPS GRAND PRIX": "GRAND PRIX DE BELGIQUE ROLEX",
                "ZANDVOORT GRAND PRIX": "GRAND PRIX DES PAYS-BAS HEINEKEN",
                "MONZA GRAND PRIX": "GRAND PRIX D'ITALIE PIRELLI",
                "BAKU GRAND PRIX": "GRAND PRIX D'AZERBAIDJAN QATAR AIRWAYS",
                "MARINA BAY GRAND PRIX": "GRAND PRIX DE SINGAPOUR SINGAPORE AIRLINES",
                "AUSTIN GRAND PRIX": "GRAND PRIX DES ETATS-UNIS PIRELLI",
                "MEXICO GRAND PRIX": "GRAND PRIX DU MEXIQUE",
                "INTERLAGOS GRAND PRIX": "GRAND PRIX DU BRESIL LENOVO",
                "LOSAIL GRAND PRIX": "GRAND PRIX DU QATAR QATAR AIRWAYS",
                "LAS VEGAS GRAND PRIX": "GRAND PRIX DE LAS VEGAS HEINEKEN SILVER",
                "YAS MARINA GRAND PRIX": "GRAND PRIX D'ABU DHABI ETIHAD AIRWAYS",
                "PAUL RICARD GRAND PRIX": "GRAND PRIX DE FRANCE",
                "PORTIMÃO GRAND PRIX": "GRAND PRIX PORTUGAL",
                //month codes
                "January": "JAN",
                "February": "FEV",
                "March": "MARS",
                "April": "AVR",
                "May": "MAI",
                "June": "JUIN",
                "July": "JUIL",
                "August": "AOUT",
                "September": "SEPT",
                "October": "OCT",
                "November": "NOV",
                "December": "DEC",
                //date manipulation examples
                //champion
                "CHAMPION": "CHAMPION",
                "1 WINS": "1 VICTOIRE",
                "1 PODIUMS": "1 PODIUM",
                "DRIVERS'": "PILOTES",
                "CONSTRUCTORS'": "CONSTRUCTEURS",
                //standard renders
                "POINTS": "POINTS",
                "GAIN": "GAIN",
                "INT.": "INT.",
                "GAP": "ECART",
                "P1": "P1",
                "P2": "P2",
                "P3": "P3",
                "TOP 5": "TOP 5",
                "TOP 10": "TOP 10",
                "BEST": "MEIL.",
                "BEST Q": "MEIL. Q",
                "DOTD": "PDJ",
                "FL": "MT",
                "PP": "PP",
                "DNF": "DNF",
                "EVENTS": "COURSES",
                "FASTEST LAP": "MEILLEUR TOUR",
                //
                "MAIN CLASSIFICATION": "RESULTATS DE LA COURSE",
                "QUALIFICATION CLASSIFICATION": "RESULTATS DES QUALIFICATIONS",
                "SPRINT CLASSIFICATION": "RESULTATS DU SPRINT",
                "TIME": "TEMPS",
                "LAPS": "TOURS",
                "GRID": "GRILLE",
                "STOPS": "ARRETS",
                "KPH": "KMH",
                "OVER.": "DEPASS.",
                "STINTS": "RELAIS",
                "PEN.": "PEN.",
                "STEW.": "COMM.",
                "GAME": "JEU",
                "FASTEST": "MEILLEUR",
                "LAP": "TOUR",
                "TYRE": "PNEU",
                "S1": "S1",
                "S2": "S2",
                "S3": "S3",
                "No Time": "Aucun Temps",
                "(+1 point)": "(+1 point)",
                //tyres
                "AVAILABLE TYRES:": "PNEUS DISPONIBLES:",
                "SOFT": "TENDRE",
                "MEDIUM": "MEDIUM",
                "HARD": "DURE",
                "INTERMEDIATE": "INTERMEDIAIRE",
                "WET": "WET",
                "PIT STOPS": "ARRÊTS AUX STANDS",
                //standings
                "DRIVERS' CHAMPIONSHIP": "CHAMPIONNAT DES PILOTES",
                "CONSTRUCTORS' CHAMPIONSHIP": "CHAMPIONNAT DES CONSTRUCTEURS",
                "POINTS AFTER THE": "POINTS APRÈS",
                "DRIVER": "PILOTE",
                "TEAM": "ECURIE",
                "STANDINGS": "CLASSEMENT",
                "Points": "PTS",
                "CountP1": "P1",
                "CountP2": "P2",
                "CountP3": "P3",
                "CountTop3": "PODIUMS",
                "CountTop10": "TOP 10",
                "BestPos": "MEILLEUR",
                "RaceFastestLapCount": "MT",
                "CountQualP1": "POLES",
                "RaceDriverDayCount": "PDJ",
                "PenaltyPoints": "PP",
                "CountDnf": "DNF",
                "EventsCount": "COURSES",
                "PointsToAboveDiff": "INT.",
                "PointsToLeaderDiff": "ECART",
                "C": "C",
                "c": "c",
                //session stats
                "PURE RACE PACE": "RYTHME DE COURSE PUR",
                "CONSISTENCY RATING": "COTE DE CONSTANCE",
                "ATTACK RATING": "COTE D'ATTAQUE",
                "DEFENCE RATING": "COTE DE DEFENSE",
                "TOP BATTLES": "MEILLEURES BATAILLES",
                "LONGEST STINTS": "PLUS LONGS RELAIS",
                "RATING": "COTE",
                "BATTLES": "BATAILLES",
                "WIN %": "% VICTOIRES",
                "QUALITY": "QUALITE",
                "LOST POS": "POS PERDUES",
                "PURE TIME": "TEMPS PUR",
                "TYRE COMPOUND USAGE": "USURE DES PNEUS",
                "OVERTAKES": "DEPASS.",
                "AVG DIFF": "MOY DIFF",
                //season stats
                "PTS": "PTS",
                "RACES": "COURSES",
                "POS.": "POS.",
                "QUALS": "QUALS",
                "%": "%",
                "TYRES": "PNEUS",
                "STATISTICS": "STATISTIQUES",
                "SEASON PENALTIES": "PENALITES SAISON",
                "DURATION": "DUREE",
                "HOT DURATION": "HOT DUR.",
                "OVERTAKE": "DEPASS.",
                "TYRES A": "PNEU A",
                "TYRES B": "PNEU B",
                "PenaltyDescription": "PPA - Points pénalité actifs, WA - Avertissements actifs, PTS - Temps pénalité (secondes) par commissaires, PPS - Positions pénalité par commissaires, PTG - Temps penalité (secondes) du jeu, PPO - Points pénalité en tout, WO - Avertissements en tout",
                "PRE-SEASON": "PRE-SAISON"
        }
}