{
    "Name": "German",
    "Id": "de-DE",
    "Vars": {
       "FastestFontSize": 294,
       "WinnerFontSize": 529,
       "PodiumFontSize": 458,
       "PointsFontSize": 444,
       "Fastest LapFS": 35
    },
    "Strings": {
        //global
        "Dark": "0E0F14",
        "Light": "E9E9EB",
        "Purple": "09081D",
        "Dark2": "14141C",
        "Light2": "FFFFFF",
        "Purple2": "131227",
        //team names (see global_vars.json for more team names)
        "MCLAREN": "McLAREN",
        //abbreviations // countries
        "SAUDI ARABIA": "SAUDI ARABIEN",
        "AUSTRALIA": "AUSTRALIEN",
        "CANADA": "KANADA",
        "SPAIN": "SPANIEN",
        "AUSTRIA": "ÖSTERREICH",
        "GREAT BRITAIN": "GROßBRITANNIEN",
        "HUNGARY": "UNGARN",
        "BELGIUM": "BELGIEN",
        "NETHERLANDS": "NIEDERLANDE",
        "ITALY": "ITALIEN",
        "AZERBAIJAN": "ASERBAIDSCHAN",
        "SINGAPORE": "SINGAPUR",
        "UNITED STATES OF AMERICA": "VEREINIGTE STAATEN VON AMERIKA",
        "MEXICO": "MEXIKO",
        "BRAZIL": "BRASILIEN",
        "QATAR": "KATAR",
        //calendar
        "CALENDAR": "KALENDER",
        "SÃO PAULO": "SAO PAULO",
        "LOCATIONS": "RENNEN",
        //dotd
        "ROUND": "RUNDE",
        "OF THE": "DES",
        "DAY": "TAGES",
        //driver ratings
        "RTG": "WTG",
        "EXP": "ERF",
        "RAC": "REN",
        "AWA": "AUF",
        "PAC": "TEM",
        //var info
        "POLE": "POLE",
        "WINNER": "SIEGER",
        "PODIUMP2": "PODIUM",
        "PODIUMP3": "PODIUM",
        "ON LAP": "IN RUNDE",
        //numerical
        "ST": ".",
        "ND": ".",
        "RD": ".",
        "TH": ".",
        "1ST": "1.",
        "2ND": "2.",
        "3RD": "3.",
        //lineups
        "DRIVER LINE-UP": "FAHRERAUFSTELLUNG",
        "LINE-UP": "AUFSTELLUNG",
        //head-to-head
        "HEAD-TO-HEAD": "KOPF-AN-KOPF",
        "CHAMPIONSHIP POSITION": "MEISTERSCHAFTSPOSITION",
        "WINS": "SIEGE",
        "PODIUMS": "PODIEN",
        "TOP 10 FINISHES": "TOP 10 PLATZIERUNGEN",
        "BEST RACE FINISH": "BESTES RENNERGEBNIS",
        "HIGHEST GRID POSITION": "HÖCHSTE GRIDPLATZIERUNG",
        "FASTEST LAPS": "SCHNELLSTE RUNDEN",
        "POLES": "POLES",
        "PENALTY POINTS": "STRAFPLATZIERUNGEN",
        "POINTS COMPARISON": "PUNKTEVERGLEICH",
        "BETWEEN TEAM-MATES": "ZWISCHEN TEAM-MATES",
        "WINS COMPARISON": "SIEGVERGLEICH",
        "PODIUMS COMPARISON": "PODIENVERGLEICH",
        "TOP 5 COMPARISON": "TOP 5 VERGLEICH",
        "TOP 10 COMPARISON": "TOP 10 VERGLEICH",
        //sprint
        "BAHRAIN SPRINT": "BAHRAIN SPRINT",
        "JEDDAH SPRINT": "JEDDAH SPRINT",
        "MELBOURNE SPRINT": "MELBOURNe SPRINT",
        "SUZUKA SPRINT": "SUZUKA SPRINT",
        "SHANGHAI SPRINT": "SHANGHAI SPRINT",
        "MIAMI SPRINT": "MIAMI SPRINT",
        "IMOLA SPRINT": "IMOLA SPRINT",
        "MONACO SPRINT": "MONACO SPRINT",
        "MONTREAL SPRINT": "MONTREAL SPRINT",
        "BARCELONA SPRINT": "BARCELONA SPRINT",
        "SPIELBERG SPRINT": "SPIELBERG SPRINT",
        "SILVERSTONE SPRINT": "SILVERSTONE SPRINT",
        "HUNGARORING SPRINT": "HUNGARORING SPRINT",
        "SPA-FRANCORCHAMPS SPRINT": "SPA-FRANCHORCHAMPS SPRINT",
        "ZANDVOORT SPRINT": "ZANDVOORT SPRINT",
        "MONZA SPRINT": "MONZA SPRINT",
        "BAKU SPRINT": "BAKU SPRINT",
        "MARINA BAY SPRINT": "MARINA BAY SPRINT",
        "AUSTIN SPRINT": "AUSTIN SPRINT",
        "MEXICO SPRINT": "MEXIKO-STADT SPRINT",
        "INTERLAGOS SPRINT": "SAO PAULO SPRINT",
        "LOSAIL SPRINT": "LOSAIL SPRINT",
        "LAS VEGAS SPRINT": "LAS VEGAS SPRINT",
        "YAS MARINA SPRINT": "YAS MARINA SPRINT",
        "PAUL RICARD SPRINT": "PAUL RICARD SPRINT",
        "PORTIMÃO SPRINT": "PORTIMAO SPRINT",
        //gp
        "BAHRAIN GP": "BAHRAIN GP",
        "JEDDAH GP": "SAUDI ARABIEN GP",
        "MELBOURNE GP": "AUSTRALIEN GP",
        "SUZUKA GP": "JAPAN GP",
        "SHANGHAI GP": "CHINA GP",
        "MIAMI GP": "MIAMI GP",
        "IMOLA GP": "EMILIA-ROMAGNA GP",
        "MONACO GP": "MONACO GP",
        "MONTREAL GP": "KANADA GP",
        "BARCELONA GP": "SPANIEN GP",
        "SPIELBERG GP": "ÖSTERREICH GP",
        "SILVERSTONE GP": "GP VON GROßBRITANNIEN",
        "HUNGARORING GP": "UNGARN GP",
        "SPA-FRANCORCHAMPS GP": "BELGIEN GP",
        "ZANDVOORT GP": "NIEDERLANDE GP",
        "MONZA GP": "ITALIEN GP",
        "BAKU GP": "ASERBAIDSCHAN GP",
        "MARINA BAY GP": "SINGAPUR GP",
        "AUSTIN GP": "USA GP",
        "MEXICO GP": "MEXIKO GP",
        "INTERLAGOS GP": "BRASILIEN GP",
        "LOSAIL GP": "KATAR GP",
        "LAS VEGAS GP": "LAS VEGAS GP",
        "YAS MARINA GP": "ABU DHABI GP",
        "PAUL RICARD GP": "FRANKREICH GP",
        "PORTIMÃO GP": "PORTUGAL GP",
        //gp extended name
        "BAHRAIN GRAND PRIX": "GROßER PREIS VON BAHRAIN",
        "JEDDAH GRAND PRIX": "GROßER PREIS VON SAUDI ARABIEN",
        "MELBOURNE GRAND PRIX": "GROßER PREIS VON AUSTRALIEN",
        "SUZUKA GRAND PRIX": "GROßER PREIS VON JAPAN",
        "SHANGHAI GRAND PRIX": "GROßER PREIS VON CHINA",
        "MIAMI GRAND PRIX": "GROßER PREIS VON MIAMI",
        "IMOLA GRAND PRIX": "GROßER PREIS DER EMILIA-ROMAGNA",
        "MONACO GRAND PRIX": "GROßER PREIS VON MONACO",
        "MONTREAL GRAND PRIX": "GROßER PREIS VON KANADA",
        "BARCELONA GRAND PRIX": "GROßER PREIS VON SPANIEN",
        "SPIELBERG GRAND PRIX": "GROßER PREIS VON ÖSTERREICH",
        "SILVERSTONE GRAND PRIX": "GROßER PREIS VON GROßBRITANNIEN",
        "HUNGARORING GRAND PRIX": "GROßER PREIS VON UNGARN",
        "SPA-FRANCORCHAMPS GRAND PRIX": "GROßER PREIS VON BELGIEN",
        "ZANDVOORT GRAND PRIX": "GROßER PREIS DER NIEDERLANDE",
        "MONZA GRAND PRIX": "GROßER PREIS VON ITALIEN",
        "BAKU GRAND PRIX": "GROßER PREIS VON ASERBAIDSCHAN",
        "MARINA BAY GRAND PRIX": "GROßER PREIS VON SINGAPUR",
        "AUSTIN GRAND PRIX": "GROßER PREIS DER VEREINIGTEN STAATEN VON AMERIKA",
        "MEXICO GRAND PRIX": "GROßER PREIS VON MEXIKO",
        "INTERLAGOS GRAND PRIX": "GROßER PREIS VON BRASILIEN",
        "LOSAIL GRAND PRIX": "GROßER PREIS VON KATAR",
        "LAS VEGAS GRAND PRIX": "GROßER PREIS VON LAS VEGAS",
        "YAS MARINA GRAND PRIX": "GROßER PREIS VON ABU DHABI",
        "PAUL RICARD GRAND PRIX": "GROßER PREIS VON FRANKREICH",
        "PORTIMÃO GRAND PRIX": "GROßER PREIS VON PORTUGAL",
        //month codes
        "January": "JAN.",
        "February": "FEB.",
        "March": "MÄRZ",
        "April": "APR.",
        "May": "MAI",
        "June": "JUN.",
        "July": "JUL.",
        "August": "AUG.",
        "September": "SEPT.",
        "October": "OKT.",
        "November": "NOV.",
        "December": "DEZ.",
        //date manipulation examples
        //champion
        "CHAMPION": "WELTMEISTER",
        "1 WINS": "1 SIEG",
        "1 PODIUMS": "1 PODIUM",
        "DRIVERS'": "FAHRER",
        "CONSTRUCTORS'": "KONSTRUKTEURS",
        //standard renders
        "POINTS": "PUNKTE",
        "GAIN": "GEW.",
        "INT.": "INT.",
        "GAP": "ABSTAND",
        "P1": "P1",
        "P2": "P2",
        "P3": "P3",
        "TOP 5": "TOP 5",
        "TOP 10": "TOP 10",
        "BEST": "BESTE",
        "BEST Q": "TOP Q",
        "DOTD": "DOTD",
        "FL": "SR",
        "PP": "SP",
        "DNF": "DNF",
        "EVENTS": "EVENTS",
        "FASTEST LAP": "SCHNELLSTE RUNDE",
        //
        "MAIN CLASSIFICATION": "RENNKLASSIFIZIERUNG",
        "QUALIFICATION CLASSIFICATION": "QUALIFYING KLASSIFIZIERUNG",
        "QUALIFICATION COMPARISON": "QUALIFYING IM VERLGLEICH",
        "SPRINT CLASSIFICATION": "SPRINT KLASSIFIZIERUNG",
        "TIME": "ZEIT",
        "LAPS": "LAPS",
        "GRID": "GRID",
        "STOPS": "STOPPS",
        "KPH": "KM/H",
        "OVER.": "ÜBER.",
        "PEN.": "STRAF.",
        "STEW.": "STEW.",
        "GAME": "SPIEL",
        "FASTEST": "SCHNELLSTE",
        "LAP": "RUNDE",
        "TYRE": "REIF.",
        "S1": "S1",
        "S2": "S2",
        "S3": "S3",
        "No Time": "Keine Zeit",
        "point": "Punkt",
        "points": "Punkte",
        //tyres
        "AVAILABLE TYRES:": "VERFÜGBARE REIFEN:",
        "SOFT": "WEICH",
        "MEDIUM": "MITTEL",
        "HARD": "HART",
        "INTERMEDIATE": "INTERMEDIATE",
        "WET": "REGEN",
        "PIT STOPS": "BOXENSTOPPS",
        //standings
        "DRIVERS' CHAMPIONSHIP": "FAHRERWELTMEISTERSCHAFT",
        "CONSTRUCTORS' CHAMPIONSHIP": "KONSTRUKTEURSMEISTERSCHAFT",
        "POINTS AFTER THE": "PUNKTE NACH DEM",
        "Points": "PUNKTE",
        "DRIVER": "FAHRER",
        "TEAM": "TEAM",
        "STANDINGS": "WERTUNG",
        "CountP1": "P1",
        "CountP2": "P2",
        "CountP3": "P3",
        "CountTop3": "PODIEN",
        "CountTop10": "TOP 10",
        "BestPos": "BESTE PlATZIERUNG",
        "RaceFastestLapCount": "SR",
        "CountQualP1": "POLES",
        "RaceDriverDayCount": "DOTD",
        "PenaltyPoints": "SP",
        "CountDnf": "DNF",
        "EventsCount": "EVENTS",
        "PointsToAboveDiff": "INT.",
        "PointsToLeaderDiff": "ABSTAND",
        "C": "C",
        "c": "c",
        //session stats
        "PURE RACE PACE": "REINE RENNPACE",
        "CONSISTENCY RATING": "KONSISTENZWERTUNG",
        "ATTACK RATING": "ANGRIFFSWERTUNG",
        "DEFENCE RATING": "VERTEIDIUNGSWERTUNG",
        "TOP BATTLES": "TOP KÄMPFE",
        "LONGEST STINTS": "LÄNGSTER STINT",
        "RATING": "WERTUNG",
        "BATTLES": "KÄMPFE",
        "WIN %": "SIEG %",
        "QUALITY": "QUALITÄT",
        "LOST POS": "VERLORENE POSITIONEN",
        "PURE TIME": "REINE ZEIT",
        "TYRE COMPOUND USAGE": "REIFENVERBRAUCH",
        "OVERTAKES": "ÜBERHOLMANÖVER",
        "AVG DIFF": "DURCH. DIFF.",
        "AVG LAP": "DURCH. RUNDE",
        //season stats
        "PTS": "PKT",
        "RACES": "RENNEN",
        "POS.": "POS.",
        "QUALS": "QUALS",
        "%": "%",
        "TYRES": "REIFEN",
        "STATISTICS": "TABELLE",
        "SEASON PENALTIES": "SAISONSTRAFEN",
        "OVERTAKE": "OVERT.",
        "TYRES A": "TYRE A",
        "TYRES B": "TYRE B",
        "PenaltyDescription": "ASP - Aktive Strafpunkte, AV - Aktive Verwarnungen, ZS - Zeitstrafen (in Sekunden) vergeben durch die Stewards, SPS - Strafplätze vergeben durch die Stewards, ZSG - Zeitstrafen (in Sekunden) vergeben durch das Spiel, SP - Gesamte Strafpunkte, AW - Gesamte Anzahl",
        "PRE-SEASON": "PRE-SEASON"
    }
}