{
    "Name": "Português",
    "Id": "pt-PT",
    "Vars": {
        "FastestFontSize": 354,
        "WinnerFontSize": 437,
        "PodiumFontSize": 610
    },
    "Strings": {
        //global
        "Dark": "0E0F14",
        "Light": "E9E9EB",
        "Purple": "09081D",
        "Dark2": "14141C",
        "Light2": "FFFFFF",
        "Purple2": "131227",
        //team names (see global_vars.json for more team names)
        "MCLAREN": "McLAREN",
        //abbreviations // countries
        "UNITED STATES OF AMERICA": "USA",
        "UNITED ARAB EMIRATES": "ABU DHABI",
        "SPA-FRANCORCHAMPS": "SPA",
        //calendar
        "CALENDAR": "CALENDÁRIO",
        "SÃO PAULO": "SAO PAULO",
        //dotd
        "ROUND": "RODADA",
        "OF THE": "DO",
        "DAY": "DIA",
        //driver ratings
        "RTG": "VAL",
        "EXP": "EXP",
        "RAC": "HAB",
        "AWA": "REF",
        "PAC": "RIT",
        //var info
        "POLE": "POLE",
        "WINNER": "VITÓRIA",
        "PODIUMP2": "PÓDIO",
        "PODIUMP3": "PÓDIO",
        "ON LAP": "NA VOLTA",
        //numerical
        "ST": "º",
        "ND": "º",
        "RD": "º",
        "TH": "º",
        "1ST": "1º",
        "2ND": "2º",
        "3RD": "3º",
        //lineups
        "DRIVER LINE-UP": "PILOTO LINE-UP",
        "LINE-UP": "LINE-UP",
        //head-to-head
        "HEAD-TO-HEAD": "COMPARAÇÃO",
        "CHAMPIONSHIP POSITION": "POSIÇÃO NO CAMPEONATO",
        "WINS": "VITÓRIAS",
        "PODIUMS": "PÓDIOS",
        "TOP 10 FINISHES": "TOP 10",
        "BEST RACE FINISH": "MELHOR POS. NA CARREIRA",
        "HIGHEST GRID POSITION": "MELHOR POS. DE LARGADA",
        "FASTEST LAPS": "VOLTAS RÁPIDAS",
        "POLES": "POLES",
        "PENALTY POINTS": "PONTOS DE PENALIZAÇÃO",
        //sprint
        "BAHRAIN SPRINT": "SPRINT DO BAHREIN",
        "JEDDAH SPRINT": "SPRINT DA ARÁBIA SAUDITA",
        "MELBOURNE SPRINT": "SPRINT DA AUSTRÁLIA",
        "SUZUKA SPRINT": "SPRINT DO JAPÃO",
        "SHANGHAI SPRINT": "SPRINT DA CHINA",
        "MIAMI SPRINT": "SPRINT DE MIAMI",
        "IMOLA SPRINT": "SPRINT DA EMÍLIA-ROMANHA",
        "MONACO SPRINT": "SPRINT DE MÔNACO",
        "MONTREAL SPRINT": "SPRINT DO CANADÁ",
        "BARCELONA SPRINT": "SPRINT DA ESPANHA",
        "SPIELBERG SPRINT": "SPRINT DA ÁUSTRIA",
        "SILVERSTONE SPRINT": "SPRINT DA GRÃ-BRETANHA",
        "HUNGARORING SPRINT": "SPRINT DA HUNGRIA",
        "SPA-FRANCORCHAMPS SPRINT": "SPRINT DA BÉLGICA",
        "ZANDVOORT SPRINT": "SPRINT DA HOLANDA",
        "MONZA SPRINT": "SPRINT DA ITÁLIA",
        "BAKU SPRINT": "SPRINT DO AZERBAIJÃO",
        "MARINA BAY SPRINT": "SPRINT DE CINGAPURA",
        "AUSTIN SPRINT": "SPRINT DOS ESTADOS UNIDOS",
        "MEXICO SPRINT": "SPRINT DO MÉXICO",
        "INTERLAGOS SPRINT": "SPRINT DE SÃO PAULO",
        "LOSAIL SPRINT": "SPRINT DO CATAR",
        "LAS VEGAS SPRINT": "SPRINT DE LAS VEGAS",
        "YAS MARINA SPRINT": "SPRINT DE ABU DHABI",
        "PAUL RICARD SPRINT": "SPRINT DA FRANÇA",
        "PORTIMÃO SPRINT": "SPRINT DE PORTUGAL",
        //gp
        "BAHRAIN GP": "BAHRAIN GP",
        "JEDDAH GP": "SAUDI ARABIAN GP",
        "MELBOURNE GP": "AUSTRALIAN GP",
        "SUZUKA GP": "JAPANESE GP",
        "SHANGHAI GP": "CHINESE GP",
        "MIAMI GP": "MIAMI GP",
        "IMOLA GP": "EMILIA-ROMAGNA GP",
        "MONACO GP": "GP DE MONACO",
        "MONTREAL GP": "GP DU CANADA",
        "BARCELONA GP": "GP DE ESPAÑA",
        "SPIELBERG GP": "AUSTRIAN GP",
        "SILVERSTONE GP": "BRITISH GP",
        "HUNGARORING GP": "HUNGARIAN GP",
        "SPA-FRANCORCHAMPS GP": "BELGIAN GP",
        "ZANDVOORT GP": "DUTCH GP",
        "MONZA GP": "GP D'ITALIA",
        "BAKU GP": "AZERBAIJAN GP",
        "MARINA BAY GP": "SINGAPORE GP",
        "AUSTIN GP": "UNITED STATES GP",
        "MEXICO GP": "GP DE MÉXICO",
        "INTERLAGOS GP": "GP DE SÃO PAULO",
        "LOSAIL GP": "QATAR GP",
        "LAS VEGAS GP": "LAS VEGAS GP",
        "YAS MARINA GP": "ABU DHABI GP",
        "PAUL RICARD GP": "GP DE FRANCE",
        "PORTIMÃO GP": "GP DE PORTUGAL",
        //gp extended name
        "BAHRAIN GRAND PRIX": "GRANDE PRÊMIO DO BAHREIN",
        "JEDDAH GRAND PRIX": "GRANDE PRÊMIO DA ARÁBIA SAUDITA",
        "MELBOURNE GRAND PRIX": "GRANDE PRÊMIO DA AUSTRÁLIA",
        "SUZUKA GRAND PRIX": "GRANDE PRÊMIO DO JAPÃO",
        "SHANGHAI GRAND PRIX": "GRANDE PRÊMIO DA CHINA",
        "MIAMI GRAND PRIX": "GRANDE PRÊMIO DE MIAMI",
        "IMOLA GRAND PRIX": "GRANDE PRÊMIO DA EMÍLIA-ROMANHA",
        "MONACO GRAND PRIX": "GRANDE PRÊMIO DE MÔNACO",
        "MONTREAL GRAND PRIX": "GRANDE PRÊMIO DO CANADÁ",
        "BARCELONA GRAND PRIX": "GRANDE PRÊMIO DA ESPANHA",
        "SPIELBERG GRAND PRIX": "GRANDE PRÊMIO DA ÁUSTRIA",
        "SILVERSTONE GRAND PRIX": "GRANDE PRÊMIO DA GRÃ-BRETANHA",
        "HUNGARORING GRAND PRIX": "GRANDE PRÊMIO DA HUNGRIA",
        "SPA-FRANCORCHAMPS GRAND PRIX": "GRANDE PRÊMIO DA BÉLGICA",
        "ZANDVOORT GRAND PRIX": "GRANDE PRÊMIO DA HOLANDA",
        "MONZA GRAND PRIX": "GRANDE PRÊMIO DA ITÁLIA",
        "BAKU GRAND PRIX": "GRANDE PRÊMIO DO AZERBAIJÃO",
        "MARINA BAY GRAND PRIX": "GRANDE PRÊMIO DE CINGAPURA",
        "AUSTIN GRAND PRIX": "GRANDE PRÊMIO DOS ESTADOS UNIDOS",
        "MEXICO GRAND PRIX": "GRANDE PRÊMIO DO MÉXICO",
        "INTERLAGOS GRAND PRIX": "GRANDE PRÊMIO DE SÃO PAULO",
        "LOSAIL GRAND PRIX": "GRANDE PRÊMIO DO CATAR",
        "LAS VEGAS GRAND PRIX": "GRANDE PRÊMIO DE LAS VEGAS",
        "YAS MARINA GRAND PRIX": "GRANDE PRÊMIO DE ABU DHABI",
        "PAUL RICARD GRAND PRIX": "GRANDE PRÊMIO DA FRANÇA",
        "PORTIMÃO GRAND PRIX": "GRANDE PRÊMIO DE PORTUGAL",
        //month codes
        "January": "JAN",
        "February": "FEV",
        "March": "MAR",
        "April": "ABR",
        "May": "MAI",
        "June": "JUN",
        "July": "JUL",
        "August": "AGO",
        "September": "SET",
        "October": "OUT",
        "November": "NOV",
        "December": "DEZ",
        //date manipulation examples
        "18 JUN": "18-20 JUN",
        //champion
        "CHAMPION": "CAMPEÃO",
        "1 WINS": "1 VITÓRIA",
        "1 PODIUMS": "1 PÓDIO",
        "DRIVERS'": "PILOTO",
        "CONSTRUCTORS'": "CONSTRUTORES",
        //standard renders
        "POINTS": "PTS",
        "GAIN": "GAN.",
        "INT.": "ANT.",
        "GAP": "DIF",
        "P1": "P1",
        "P2": "P2",
        "P3": "P3",
        "TOP 5": "TOP 5",
        "TOP 10": "TOP 10",
        "BEST": "M. POS",
        "BEST Q": "M. Q",
        "DOTD": "PD",
        "FL": "VR",
        "PP": "PP",
        "DNF": "DNF",
        "EVENTS": "EVENTOS",
        //
        "MAIN CLASSIFICATION": "RESULTADO DA CORRIDA",
        "QUALIFICATION CLASSIFICATION": "RESULTADO DA CLASSIFICAÇÃO",
        "SPRINT CLASSIFICATION": "RESULTADO SPRINT",
        "TIME": "TEMPO",
        "LAPS": "VOLTAS",
        "GRID": "GRID",
        "STOPS": "PITS",
        "KPH": "KM/H",
        "OVER.": "ULTR.",
        "PEN.": "PEN.",
        "STEW.": "COMISS.",
        "GAME": "JOGO",
        "FASTEST": "M. RÁPIDO",
        "LAP": "VOLTA",
        "TYRE": "PNEU",
        "S1": "S1",
        "S2": "S2",
        "S3": "S3",
        "No Time": "Sem tempo",
        "(+1 point)": "(+1 ponto)",
        //tyres
        "AVAILABLE TYRES:": "PNEUS DISP.:",
        "SOFT": "MACIO",
        "MEDIUM": "MÉDIO",
        "HARD": "DURO",
        "INTERMEDIATE": "INTERMEDIÁRIO",
        "WET": "CHUVA",
        "PIT STOPS": "PARADAS",
        //standings
        "DRIVERS' CHAMPIONSHIP": "CAMPEONATO DE PILOTOS",
        "CONSTRUCTORS' CHAMPIONSHIP": "CAMPEONATO DE CONSTRUTORES",
        "POINTS AFTER THE": "PONTOS APÓS ",
        "DRIVER": "PILOTO",
        "TEAM": "EQUIPE",
        "STANDINGS": "CLASSIFICAÇÃO",
        "Points": "",
        "CountP1": "P1",
        "CountP2": "P2",
        "CountP3": "P3",
        "CountTop3": "PÓDIOS",
        "CountTop10": "TOP 10",
        "BestPos": "M.POS",
        "RaceFastestLapCount": "VR",
        "CountQualP1": "POLES",
        "RaceDriverDayCount": "DOTD",
        "PenaltyPoints": "PP",
        "CountDnf": "DNF",
        "EventsCount": "EVENTOS",
        "PointsToAboveDiff": "ANT.",
        "PointsToLeaderDiff": "DIF.",
        "C": "C",
        "c": "c",
        //session stats
        "PURE RACE PACE": "RITMO DE CORRIDA",
        "CONSISTENCY RATING": "CLASSIFICAÇÃO DE CONSISTÊNCIA",
        "ATTACK RATING": "CLASSIFICAÇÃO DE ATAQUE",
        "DEFENCE RATING": "CLASSIFICAÇÃO DE DEFESA",
        "TOP BATTLES": "MELHORES BATALHAS",
        "LONGEST STINTS": "STINTS MAIS LONGOS",
        "RATING": "CLASSIFICAÇÃO",
        "BATTLES": "BATALHAS",
        "WIN %": "VIT.%",
        "QUALITY": "QUALIDADE",
        "LOST POS": "POS PERDIDAS",
        "PURE TIME": "TEMPO PURO",
        "TYRE COMPOUND USAGE": "USO DE PNEUS",
        "OVERTAKES": "ULTRAPASSAGENS",
        "AVG DIFF": "DIF. MÉDIA",
        //season stats
        "PTS": "PTS",
        "RACES": "CORRIDAS",
        "POS.": "POS.",
        "QUALS": "CLASSIFICAÇÕES",
        "%": "%",
        "TYRES": "PNEUS",
        "STATISTICS": "ESTATÍSTICAS",
        "SEASON PENALTIES": "PENALIDADES DA TEMPORADA",
        "DURATION": "DURAÇÃO",
        "HOT DURATION": "DURAÇÃO MÁXIMA",
        "OVERTAKE": "ULTRAPASSAGEM",
        "TYRES A": "PNEUS A",
        "TYRES B": "PNEUS B",
        "PenaltyDescription": "PPA - Puntos penalización activos, WA - Avisos activos, PTS - Tiempo penalizado (segundos) por los comisarios, PPS - Posiciones penalizadas por los comisarios, PTG - Tiempo penalizado (segundos) por el juego, PPO - Puntos de penalización en general, WO - Avisos en general",
        "PRE-SEASON": "PRÉ-TEMPORADA"
    }
}