{
    "Name": "Spanish",
    "Id": "es-ES",
    "Vars": {
        "FastestFontSize": 354,
        "WinnerFontSize": 404,
        "PodiumFontSize": 610
    },
    "Strings": {
        //global
        "Dark": "0E0F14",
        "Light": "E9E9EB",
        "Purple": "09081D",
        "Dark2": "14141C",
        "Light2": "FFFFFF",
        "Purple2": "131227",
        //team names (see global_vars.json for more team names)
        "MCLAREN": "McLAREN",
        //abbreviations // countries
        "UNITED STATES OF AMERICA": "USA",
        "UNITED ARAB EMIRATES": "ABU DHABI",
        "SPA-FRANCORCHAMPS": "SPA",
        //calendar
        "CALENDAR": "CALENDARIO",
        "SÃO PAULO": "SAO PAULO",
        //dotd
        "ROUND": "RONDA",
        "OF THE": "DEL",
        "DAY": "DÍA",
        //driver ratings
        "RTG": "VAL",
        "EXP": "EXP",
        "RAC": "HAB",
        "AWA": "REF",
        "PAC": "RIT",
        //var info
        "POLE": "POLE",
        "WINNER": "VICTORIA",
        "PODIUMP2": "PODIO",
        "PODIUMP3": "PODIO",
        "ON LAP": "EN LA VUELTA",
        //numerical
        "ST": "º",
        "ND": "º",
        "RD": "º",
        "TH": "º",
        "1ST": "1º",
        "2ND": "2º",
        "3RD": "3º",
        //lineups
        "DRIVER LINE-UP": "ALINEACIÓN DE PILOTOS",
        "LINE-UP": "ALINEACIÓN",
        //head-to-head
        "HEAD-TO-HEAD": "CARA A CARA",
        "CHAMPIONSHIP POSITION": "POSICIÓN DEL CAMPEONATO",
        "WINS": "VICTORIAS",
        "PODIUMS": "PODIOS",
        "TOP 10 FINISHES": "TOP 10",
        "BEST RACE FINISH": "MEJOR POS. EN CARRERA",
        "HIGHEST GRID POSITION": "MEJOR POS. DE SALIDA",
        "FASTEST LAPS": "VUELTAS RÁPIDAS",
        "POLES": "POLES",
        "PENALTY POINTS": "PUNTOS PENALIZACIÓN",
        //sprint
        "BAHRAIN SPRINT": "BAHRAIN SPRINT",
        "JEDDAH SPRINT": "SAUDI ARABIAN SPRINT",
        "MELBOURNE SPRINT": "AUSTRALIAN SPRINT",
        "SUZUKA SPRINT": "JAPANESE SPRINT",
        "SHANGHAI SPRINT": "CHINESE SPRINT",
        "MIAMI SPRINT": "MIAMI SPRINT",
        "IMOLA SPRINT": "EMILIA-ROMAGNA SPRINT",
        "MONACO SPRINT": "SPRINT DE MONACO",
        "MONTREAL SPRINT": "SPRINT DU CANADA",
        "BARCELONA SPRINT": "SPRINT DE ESPAÑA",
        "SPIELBERG SPRINT": "AUSTRIAN SPRINT",
        "SILVERSTONE SPRINT": "BRITISH SPRINT",
        "HUNGARORING SPRINT": "HUNGARIAN SPRINT",
        "SPA-FRANCORCHAMPS SPRINT": "BELGIAN SPRINT",
        "ZANDVOORT SPRINT": "DUTCH SPRINT",
        "MONZA SPRINT": "SPRINT D'ITALIA",
        "BAKU SPRINT": "AZERBAIJAN SPRINT",
        "MARINA BAY SPRINT": "SINGAPORE SPRINT",
        "AUSTIN SPRINT": "UNITED STATES SPRINT",
        "MEXICO SPRINT": "SPRINT DE MÉXICO",
        "INTERLAGOS SPRINT": "SPRINT DE SÃO PAULO",
        "LOSAIL SPRINT": "QATAR SPRINT",
        "LAS VEGAS SPRINT": "LAS VEGAS SPRINT",
        "YAS MARINA SPRINT": "ABU DHABI SPRINT",
        "PAUL RICARD SPRINT": "SPRINT DE FRANCE",
        "PORTIMÃO SPRINT": "SPRINT DE PORTUGAL",
        //gp
        "BAHRAIN GP": "BAHRAIN GP",
        "JEDDAH GP": "SAUDI ARABIAN GP",
        "MELBOURNE GP": "AUSTRALIAN GP",
        "SUZUKA GP": "JAPANESE GP",
        "SHANGHAI GP": "CHINESE GP",
        "MIAMI GP": "MIAMI GP",
        "IMOLA GP": "EMILIA-ROMAGNA GP",
        "MONACO GP": "GP DE MONACO",
        "MONTREAL GP": "GP DU CANADA",
        "BARCELONA GP": "GP DE ESPAÑA",
        "SPIELBERG GP": "AUSTRIAN GP",
        "SILVERSTONE GP": "BRITISH GP",
        "HUNGARORING GP": "HUNGARIAN GP",
        "SPA-FRANCORCHAMPS GP": "BELGIAN GP",
        "ZANDVOORT GP": "DUTCH GP",
        "MONZA GP": "GP D'ITALIA",
        "BAKU GP": "AZERBAIJAN GP",
        "MARINA BAY GP": "SINGAPORE GP",
        "AUSTIN GP": "UNITED STATES GP",
        "MEXICO GP": "GP DE MÉXICO",
        "INTERLAGOS GP": "GP DE SÃO PAULO",
        "LOSAIL GP": "QATAR GP",
        "LAS VEGAS GP": "LAS VEGAS GP",
        "YAS MARINA GP": "ABU DHABI GP",
        "PAUL RICARD GP": "GP DE FRANCE",
        "PORTIMÃO GP": "GP DE PORTUGAL",
        //gp extended name
        "BAHRAIN GRAND PRIX": "GULF AIR BAHRAIN GRAND PRIX",
        "JEDDAH GRAND PRIX": "STC SAUDI ARABIAN GRAND PRIX",
        "MELBOURNE GRAND PRIX": "ROLEX AUSTRALIAN GRAND PRIX",
        "SUZUKA GRAND PRIX": "MSC CRUISES JAPANESE GRAND PRIX",
        "SHANGHAI GRAND PRIX": "LENOVO CHINESE GRAND PRIX",
        "MIAMI GRAND PRIX": "CYRPTO.COM MIAMI GRAND PRIX",
        "IMOLA GRAND PRIX": "MSC CRUISES GRAN PREMIO DELL'EMILIA-ROMAGNA",
        "MONACO GRAND PRIX": "GRAND PRIX DE MONACO",
        "MONTREAL GRAND PRIX": "AWS GRAND PRIX DU CANADA",
        "BARCELONA GRAND PRIX": "ARAMCO GRAN PREMIO DE ESPAÑA",
        "SPIELBERG GRAND PRIX": "QATAR AIRWAYS AUSTRIAN GRAND PRIX",
        "SILVERSTONE GRAND PRIX": "QATAR AIRWAYS BRITISH GRAND PRIX",
        "HUNGARORING GRAND PRIX": "HUNGARIAN GRAND PRIX",
        "SPA-FRANCORCHAMPS GRAND PRIX": "ROLEX BELGIAN GRAND PRIX",
        "ZANDVOORT GRAND PRIX": "HEINEKEN DUTCH GRAND PRIX",
        "MONZA GRAND PRIX": "PIRELLI GRAN PREMIO D'ITALIA",
        "BAKU GRAND PRIX": "QATAR AIRWAYS AZERBAIJAN GRAND PRIX",
        "MARINA BAY GRAND PRIX": "SINGAPORE AIRLINES SINGAPORE GRAND PRIX",
        "AUSTIN GRAND PRIX": "PIRELLI UNITED STATES GRAND PRIX",
        "MEXICO GRAND PRIX": "GRAN PREMIO DE LA CIUDAD DE MÉXICO",
        "INTERLAGOS GRAND PRIX": "LENOVO GRANDE PRÊMIO DE SÃO PAULO",
        "LOSAIL GRAND PRIX": "QATAR AIRWAYS QATAR GRAND PRIX",
        "LAS VEGAS GRAND PRIX": "HEINEKEN SILVER LAS VEGAS GRAND PRIX",
        "YAS MARINA GRAND PRIX": "ETIHAD AIRWAYS ABU DHABI GRAND PRIX",
        "PAUL RICARD GRAND PRIX": "GRAND PRIX DE FRANCE",
        "PORTIMÃO GRAND PRIX": "GRANDE PRÉMIO DE PORTUGAL",
        //month codes
        "January": "ENE",
        "February": "FEB",
        "March": "MAR",
        "April": "ABR",
        "May": "MAY",
        "June": "JUN",
        "July": "JUL",
        "August": "AGO",
        "September": "SEP",
        "October": "OCT",
        "November": "NOV",
        "December": "DIC",
        //date manipulation examples
        "18 JUN": "18-20 JUN",
        //champion
        "CHAMPION": "CAMPEÓN",
        "1 WINS": "1 VICTORIA",
        "1 PODIUMS": "1 PODIO",
        "DRIVERS'": "PILOTOS'",
        "CONSTRUCTORS'": "CONSTRUCTORES'",
        //standard renders
        "POINTS": "PTS",
        "GAIN": "GAN.",
        "INT.": "ANT.",
        "GAP": "DIF",
        "P1": "P1",
        "P2": "P2",
        "P3": "P3",
        "TOP 5": "TOP 5",
        "TOP 10": "TOP 10",
        "BEST": "MEJOR C",
        "BEST Q": "MEJOR Q",
        "DOTD": "DOTD",
        "FL": "VR",
        "PP": "PP",
        "DNF": "DNF",
        "EVENTS": "EVENTOS",
        //
        "MAIN CLASSIFICATION": "RESULTADOS CARRERA",
        "QUALIFICATION CLASSIFICATION": "RESULTADOS CLASIFICACIÓN",
        "QUALIFICATION COMPARISON": "RESULTADOS COMPARISON",
        "SPRINT CLASSIFICATION": "RESULTADOS SPRINT",
        "TIME": "TIEMPO",
        "LAPS": "VUELTAS",
        "GRID": "PARR.",
        "STOPS": "BOX",
        "KPH": "KM/H",
        "OVER.": "ADEL.",
        "PEN.": "PEN.",
        "STEW.": "COMIS.",
        "GAME": "JUEGO",
        "FASTEST": "M. RÁPIDO",
        "LAP": "VUELTA",
        "TYRE": "NEUM.",
        "S1": "S1",
        "S2": "S2",
        "S3": "S3",
        "No Time": "Sin tiempo",
        "point": "punto",
        "points": "puntos",
        //tyres
        "AVAILABLE TYRES:": "NEUM. DISPONIBLES:",
        "SOFT": "BLANDO",
        "MEDIUM": "MEDIO",
        "HARD": "DURO",
        "INTERMEDIATE": "INTERMEDIO",
        "WET": "LLUVIA",
        "PIT STOPS": "PARADAS",
        //standings
        "DRIVERS' CHAMPIONSHIP": "CAMPEONATO DE PILOTOS",
        "CONSTRUCTORS' CHAMPIONSHIP": "CAMPEONATO DE CONSTRUCTORES",
        "POINTS AFTER THE": "PUNTOS DESPUÉS DEL",
        "DRIVER": "PILOTO",
        "TEAM": "EQUIPO",
        "STANDINGS": "CLASIFICACIONES",
        "Points": "",
        "CountP1": "P1",
        "CountP2": "P2",
        "CountP3": "P3",
        "CountTop3": "PODIOS",
        "CountTop10": "TOP 10",
        "BestPos": "M.POS",
        "RaceFastestLapCount": "VR",
        "CountQualP1": "POLES",
        "RaceDriverDayCount": "DOTD",
        "PenaltyPoints": "PP",
        "CountDnf": "DNF",
        "EventsCount": "EVENTOS",
        "PointsToAboveDiff": "ANT.",
        "PointsToLeaderDiff": "DIF.",
        "C": "C",
        "c": "c",
        //session stats
        "PURE RACE PACE": "RITMO DE CARRERA",
        "CONSISTENCY RATING": "CALIFICACIÓN DE CONSISTENCIA",
        "ATTACK RATING": "CALIFICACIÓN DE ATAQUE",
        "DEFENCE RATING": "CALIFICACIÓN DE DEFENSA",
        "TOP BATTLES": "MEJORES BATALLAS",
        "LONGEST STINTS": "STINTS MÁS LARGOS",
        "RATING": "CALIFICACIÓN",
        "BATTLES": "BATALLAS",
        "WIN %": "VICT.%",
        "QUALITY": "CALIDAD",
        "LOST POS": "POS PERD",
        "PURE TIME": "TIEMPO PURO",
        "TYRE COMPOUND USAGE": "USO DE NEUM.",
        "OVERTAKES": "ADEL.",
        "AVG DIFF": "DIF. MEDIA",
        //season stats
        "PTS": "PTS",
        "RACES": "CARRERAS",
        "POS.": "POS.",
        "QUALS": "QUALS",
        "%": "%",
        "TYRES": "NEUM.",
        "STATISTICS": "ESTADÍSTICAS",
        "SEASON PENALTIES": "PENALIZACIONES TEMP.",
        "DURATION": "DURACIÓN",
        "HOT DURATION": "HOT DUR.",
        "OVERTAKE": "ADEL.",
        "TYRES A": "NEUM. A",
        "TYRES B": "NEUM. B",
        "PenaltyDescription": "PPA - Puntos penalización activos, WA - Avisos activos, PTS - Tiempo penalizado (segundos) por los comisarios, PPS - Posiciones penalizadas por los comisarios, PTG - Tiempo penalizado (segundos) por el juego, PPO - Puntos de penalización en general, WO - Avisos en general",
        "PRE-SEASON": "PRE-TEMPORADA"
    }
}
