[
    {
        "TriggerName": "Driver0Name1",
        "Condition": "{name1, Converter=StringEquals, Parameter=Full Name}",
        "Property": "Source",
        "Value": "{Item.Driver0.Driver.Name, Converter=StringToUpperString}"
    },
    {
        "TriggerName": "Driver0Name2",
        "Condition": "{name1, Converter=StringEquals, Parameter=Name}",
        "ConditionOr": "{name1, Converter=StringEquals, Parameter=RealName}",
        "ConditionOr": "{name1, Converter=StringEquals, Parameter=InGameName}",
        "ConditionAnd": "{name3, Converter=BoolReverse}",
        "Property": "Source",
        "Value": "{Item.Driver0.Driver.{name1}}"
    },
    {
        "TriggerName": "Driver0Name3",
        "Condition": "{name2}",
        "ConditionAnd": "{name1, Converter=StringEquals, Parameter=Full Name}",
        "Property": "Source",
        "Value": "{Item.Driver0.Driver.RealName, Converter=StringToUpperString}"
    },
    {
        "TriggerName": "Driver0Name4",
        "Condition": "{name2}",
        "Property": "Source",
        "Value": "{Item.Driver0.Driver.Name, Converter=StringToUpperString}"
    },
    {
        "TriggerName": "Driver1Name1",
        "Condition": "{name1, Converter=StringEquals, Parameter=Full Name}",
        "Property": "Source",
        "Value": "{Item.Driver1.Driver.Name, Converter=StringToUpperString}"
    },
    {
        "TriggerName": "Driver1Name2",
        "Condition": "{name1, Converter=StringEquals, Parameter=Name}",
        "ConditionOr": "{name1, Converter=StringEquals, Parameter=RealName}",
        "ConditionOr": "{name1, Converter=StringEquals, Parameter=InGameName}",
        "ConditionAnd": "{name3, Converter=BoolReverse}",
        "Property": "Source",
        "Value": "{Item.Driver1.Driver.{name1}}"
    },
    {
        "TriggerName": "Driver1Name3",
        "Condition": "{name2}",
        "ConditionAnd": "{name1, Converter=StringEquals, Parameter=Full Name}",
        "Property": "Source",
        "Value": "{Item.Driver1.Driver.RealName, Converter=StringToUpperString}"
    },
    {
        "TriggerName": "Driver1Name4",
        "Condition": "{name2}",
        "Property": "Source",
        "Value": "{Item.Driver1.Driver.Name, Converter=StringToUpperString}"
    },
    //
    {
        "TriggerName": "Line0Name1",
        "Condition": "{name1, Converter=StringEquals, Parameter=Full Name}",
        "Property": "Source",
        "Value": "{Item.Line0.Driver.Name, Converter=StringToUpperString}"
    },
    {
        "TriggerName": "Line0Name2",
        "Condition": "{name1, Converter=StringEquals, Parameter=Name}",
        "ConditionOr": "{name1, Converter=StringEquals, Parameter=RealName}",
        "ConditionOr": "{name1, Converter=StringEquals, Parameter=InGameName}",
        "ConditionAnd": "{name3, Converter=BoolReverse}",
        "Property": "Source",
        "Value": "{Item.Line0.Driver.{name1}}"
    },
    {
        "TriggerName": "Line0Name3",
        "Condition": "{name2}",
        "ConditionAnd": "{name1, Converter=StringEquals, Parameter=Full Name}",
        "Property": "Source",
        "Value": "{Item.Line0.Driver.RealName, Converter=StringToUpperString}"
    },
    {
        "TriggerName": "Line0Name4",
        "Condition": "{name2}",
        "Property": "Source",
        "Value": "{Item.Line0.Driver.Name, Converter=StringToUpperString}"
    },
    {
        "TriggerName": "Line1Name1",
        "Condition": "{name1, Converter=StringEquals, Parameter=Full Name}",
        "Property": "Source",
        "Value": "{Item.Line1.Driver.Name, Converter=StringToUpperString}"
    },
    {
        "TriggerName": "Line1Name2",
        "Condition": "{name1, Converter=StringEquals, Parameter=Name}",
        "ConditionOr": "{name1, Converter=StringEquals, Parameter=RealName}",
        "ConditionOr": "{name1, Converter=StringEquals, Parameter=InGameName}",
        "ConditionAnd": "{name3, Converter=BoolReverse}",
        "Property": "Source",
        "Value": "{Item.Line1.Driver.{name1}}"
    },
    {
        "TriggerName": "Line1Name3",
        "Condition": "{name2}",
        "ConditionAnd": "{name1, Converter=StringEquals, Parameter=Full Name}",
        "Property": "Source",
        "Value": "{Item.Line1.Driver.RealName, Converter=StringToUpperString}"
    },
    {
        "TriggerName": "Line1Name4",
        "Condition": "{name2}",
        "Property": "Source",
        "Value": "{Item.Line1.Driver.Name, Converter=StringToUpperString}"
    },
    //
    {
        "TriggerName": "SecLine0Name1",
        "Condition": "{lnname1, Converter=StringEquals, Parameter=Full Name}",
        "Property": "Source",
        "Value": "{Item.Line0.Driver.Name, Converter=StringToUpperString}"
    },
    {
        "TriggerName": "SecLine0Name2",
        "Condition": "{lnname1, Converter=StringEquals, Parameter=Name}",
        "ConditionOr": "{lnname1, Converter=StringEquals, Parameter=RealName}",
        "ConditionOr": "{lnname1, Converter=StringEquals, Parameter=InGameName}",
        "ConditionAnd": "{name3, Converter=BoolReverse}",
        "Property": "Source",
        "Value": "{Item.Line0.Driver.{lnname1}}"
    },
    {
        "TriggerName": "SecLine0Name3",
        "Condition": "{name2}",
        "ConditionAnd": "{lnname1, Converter=StringEquals, Parameter=Full Name}",
        "Property": "Source",
        "Value": "{Item.Line0.Driver.RealName, Converter=StringToUpperString}"
    },
    {
        "TriggerName": "SecLine0Name4",
        "Condition": "{name2}",
        "Property": "Source",
        "Value": "{Item.Line0.Driver.Name, Converter=StringToUpperString}"
    },
    {
        "TriggerName": "SecLine1Name1",
        "Condition": "{lnname1, Converter=StringEquals, Parameter=Full Name}",
        "Property": "Source",
        "Value": "{Item.Line1.Driver.Name, Converter=StringToUpperString}"
    },
    {
        "TriggerName": "SecLine1Name2",
        "Condition": "{lnname1, Converter=StringEquals, Parameter=Name}",
        "ConditionOr": "{lnname1, Converter=StringEquals, Parameter=RealName}",
        "ConditionOr": "{lnname1, Converter=StringEquals, Parameter=InGameName}",
        "ConditionAnd": "{name3, Converter=BoolReverse}",
        "Property": "Source",
        "Value": "{Item.Line1.Driver.{lnname1}}"
    },
    {
        "TriggerName": "SecLine1Name3",
        "Condition": "{name2}",
        "ConditionAnd": "{lnname1, Converter=StringEquals, Parameter=Full Name}",
        "Property": "Source",
        "Value": "{Item.Line1.Driver.RealName, Converter=StringToUpperString}"
    },
    {
        "TriggerName": "SecLine1Name4",
        "Condition": "{name2}",
        "Property": "Source",
        "Value": "{Item.Line1.Driver.Name, Converter=StringToUpperString}"
    },
    //
    {
        "TriggerName": "SecDriver0Name1",
        "Condition": "{comName, Converter=StringEquals, Parameter=Full Name}",
        "Property": "Source",
        "Value": "{Item.Driver0.Driver.Name, Converter=StringToUpperString}"
    },
    {
        "TriggerName": "SecDriver0Name2",
        "Condition": "{comName, Converter=StringEquals, Parameter=Name}",
        "ConditionOr": "{comName, Converter=StringEquals, Parameter=RealName}",
        "ConditionOr": "{comName, Converter=StringEquals, Parameter=InGameName}",
        "ConditionAnd": "{name3, Converter=BoolReverse}",
        "Property": "Source",
        "Value": "{Item.Driver0.Driver.{comName}}"
    },
    {
        "TriggerName": "SecDriver0Name3",
        "Condition": "{name2}",
        "ConditionAnd": "{comName, Converter=StringEquals, Parameter=Full Name}",
        "Property": "Source",
        "Value": "{Item.Driver0.Driver.RealName, Converter=StringToUpperString}"
    },
    {
        "TriggerName": "SecDriver0Name4",
        "Condition": "{name2}",
        "Property": "Source",
        "Value": "{Item.Driver0.Driver.Name, Converter=StringToUpperString}"
    },
    {
        "TriggerName": "SecDriver1Name1",
        "Condition": "{comName, Converter=StringEquals, Parameter=Full Name}",
        "Property": "Source",
        "Value": "{Item.Driver1.Driver.Name, Converter=StringToUpperString}"
    },
    {
        "TriggerName": "SecDriver1Name2",
        "Condition": "{comName, Converter=StringEquals, Parameter=Name}",
        "ConditionOr": "{comName, Converter=StringEquals, Parameter=RealName}",
        "ConditionOr": "{comName, Converter=StringEquals, Parameter=InGameName}",
        "ConditionAnd": "{name3, Converter=BoolReverse}",
        "Property": "Source",
        "Value": "{Item.Driver1.Driver.{comName}}"
    },
    {
        "TriggerName": "SecDriver1Name3",
        "Condition": "{name2}",
        "ConditionAnd": "{comName, Converter=StringEquals, Parameter=Full Name}",
        "Property": "Source",
        "Value": "{Item.Driver1.Driver.RealName, Converter=StringToUpperString}"
    },
    {
        "TriggerName": "SecDriver1Name4",
        "Condition": "{name2}",
        "Property": "Source",
        "Value": "{Item.Driver1.Driver.Name, Converter=StringToUpperString}"
    }
]