[
    {
        "TriggerName": "Line0Name1",
        "Condition": "{name1, Converter=StringEquals, Parameter=Full Name}",
        "Property": "Source",
        "Value": "{Item.Line0.Driver.Name, Converter=StringToUpperString}"
    },
    {
        "TriggerName": "Line0Name2",
        "Condition": "{name1, Converter=StringEquals, Parameter=Name}",
        "ConditionOr": "{name1, Converter=StringEquals, Parameter=RealName}",
        "ConditionOr": "{name1, Converter=StringEquals, Parameter=InGameName}",
        "ConditionAnd": "{name3, Converter=BoolReverse}",
        "Property": "Source",
        "Value": "{Item.Line0.Driver.{name1}}"
    },
    {
        "TriggerName": "Line0Name3",
        "Condition": "{name2}",
        "ConditionAnd": "{name1, Converter=StringEquals, Parameter=Full Name}",
        "Property": "Source",
        "Value": "{Item.Line0.Driver.RealName, Converter=StringToUpperString}"
    },
    {
        "TriggerName": "Line0Name4",
        "Condition": "{name2}",
        "Property": "Source",
        "Value": "{Item.Line0.Driver.Name, Converter=StringToUpperString}"
    },
    {
        "TriggerName": "Line1Name1",
        "Condition": "{name1, Converter=StringEquals, Parameter=Full Name}",
        "Property": "Source",
        "Value": "{Item.Line1.Driver.Name, Converter=StringToUpperString}"
    },
    {
        "TriggerName": "Line1Name2",
        "Condition": "{name1, Converter=StringEquals, Parameter=Name}",
        "ConditionOr": "{name1, Converter=StringEquals, Parameter=RealName}",
        "ConditionOr": "{name1, Converter=StringEquals, Parameter=InGameName}",
        "ConditionAnd": "{name3, Converter=BoolReverse}",
        "Property": "Source",
        "Value": "{Item.Line1.Driver.{name1}}"
    },
    {
        "TriggerName": "Line1Name3",
        "Condition": "{name2}",
        "ConditionAnd": "{name1, Converter=StringEquals, Parameter=Full Name}",
        "Property": "Source",
        "Value": "{Item.Line1.Driver.RealName, Converter=StringToUpperString}"
    },
    {
        "TriggerName": "Line1Name4",
        "Condition": "{name2}",
        "Property": "Source",
        "Value": "{Item.Line1.Driver.Name, Converter=StringToUpperString}"
    }
]