[
    {
        "StyleName": "DriverFlags",
        "VerticalAlignment": "Center",
        "HorizontalAlignment": "Left",
        "Background": "{Black}",
        "Padding": "1,-13",
        "MarginTop": -4,
        "Height": 85
    },
    {
        "StyleName": "PodiumFlags",
        "VerticalAlignment": "Top",
        "HorizontalAlignment": "Left",
        "Background": "{Black}",
        "Padding": "1,-10",
        "Height": 66
    },
    {
        "StyleName": "PodiumFlags2",
        "VerticalAlignment": "Top",
        "HorizontalAlignment": "Left",
        "Background": "{Black}",
        "Padding": "1,-10",
        "MarginTop": 5,
        "Height": 66
    },
    {
        "StyleName": "CountryFlags",
        "Background": "{Black}",
        "Padding": "1,-17"
    },
    {
        "StyleName": "V1Flags",
        "VerticalAlignment": "Center",
        "HorizontalAlignment": "Left",
        "Background": "{Black}",
        "Padding": "1,-6",
        "MarginRight": 12,
        "Height": 40
    },
    {
        "StyleName": "LineUpFlags",
        "VerticalAlignment": "Center",
        "Background": "{Black}",
        "Padding": "1,-6",
        "Height": 40
    }
]