[
    {
        "StyleName": "NameBlack1",
        "FontName": "{FontNameBlack}",
        "FontSize": "{g8}",
        "HorizontalAlignment": "Left",
        "VerticalAlignment": "Center"
    },
    {
        "StyleName": "NameBlack2",
        "FontName": "{FontNameBlack}",
        "FontSize": "{g8}",
        "HorizontalAlignment": "Left",
        "VerticalAlignment": "Center"
    
    },
    {
        "StyleName": "PosPodium",
        "FontName": "{FontNameBold}",
        "FontSize": 76,
        "Foreground": "{Black}",
        "HorizontalAlignment": "Left",
        "VerticalAlignment": "Center"
    
    },
    {
        "StyleName": "NamePodium",
        "MarginTop": 4,
        "FontName": "{FontNameBold}",
        "FontSize": "{g8, Converter=NumberSubtract, Parameter=12}",
        "Foreground": "{Black}",
        "HorizontalAlignment": "Left",
        "VerticalAlignment": "Center"
    
    },
    {
        "StyleName": "NameBlackPodium",
        "MarginTop": 3,
        "FontName": "{FontNameBlack}",
        "FontSize": "{g8, Converter=NumberSubtract, Parameter=24}",
        "HorizontalAlignment": "Center",
        "VerticalAlignment": "Center"
    },
    {
        "StyleName": "TeamNamePodium",
        "MarginTop": 7,
        "FontName": "{FontNameDefault}",
        "FontSize": 58,
        "Foreground": "{Black}",
        "HorizontalAlignment": "Left",
        "VerticalAlignment": "Center"
    
    },
    {
        "StyleName": "NameBlackStandings",
        "FontName": "{FontNameBlack}",
        "FontSize": "{g8, Converter=NumberAdd, Parameter=8}",
        "HorizontalAlignment": "Left",
        "VerticalAlignment": "Center"
    
    },
    {
        "StyleName": "NameBlackDataTable",
        "FontName": "{FontNameBlack}",
        "MarginTop": 8,
        "Height": 208,
        "FontSize": 100,
        "HorizontalAlignment": "Center",
        "VerticalAlignment": "Center"
    
    },
    {
        "StyleName": "NameBlackPoints",
        "MarginTop": 8,
        "Height": 194,
        "MinWidth": 367,
        "FontName": "{FontNameBlack}",
        "Foreground": "{PointsStandingsFG}",
        "FontSize": 128,
        "HorizontalAlignment": "Center",
        "VerticalAlignment": "Center"
    
    },
    {
        "StyleName": "NameBlackCom",
        "FontName": "{FontNameBlack}",
        "FontSize": 120,
        "HorizontalAlignment": "Left",
        "VerticalAlignment": "Center"
    }
]