[
    {
        "StyleName": "NameChampLeft",
        "FontName": "{FontNameBlack}",
        "FontSize": "{g8, Converter=NumberAdd, Parameter=20}",
        "Foreground": "{ChampColourFG}",
        "HorizontalAlignment": "Left",
        "VerticalAlignment": "Bottom"
    },
    {
        "StyleName": "NameChampRight",
        "FontName": "{FontNameBlack}",
        "FontSize": "{g8, Converter=NumberAdd, Parameter=20}",
        "Foreground": "{ChampColourFG}",
        "HorizontalAlignment": "Right",
        "VerticalAlignment": "Bottom"
    }
]