{
    "BlockRoot": {
        "BlockType": "stack",
        "Background": "{Season.MainLeagueCategory.Color}",
        "Items": [
            {
                "BlockType": "image",
                "Source": "bg/bg.{g1}.png",
                "Width": 4800,
                "Height": 2700,
                "Triggers": [
                    {
                        "Condition": "{g2}",
                        "Property": "Source",
                        "Value": "bg/bg.{g1}.plain.png"
                    }
                ]
            }
        ]
    }
}