{
    "ComponentName": "HeaderBlockStandings",
    "BlockType": "dock",
    "HorizontalAlignment": "Center",
    "VerticalAlignment": "Center",
    "Items": [
        {
            "BlockType": "stack",
            "HorizontalAlignment": "Left",
            "VerticalAlignment": "Center",
            "Items": [
                {
                    "BlockType": "stack",
                    "Orientation": "Vertical",
                    "VerticalAlignment": "Center",
                    "Spacing": -23,
                    "Items": [
                        {
                            "BlockType": "image",
                            "Height": 90,
                            "MarginBottom": 28,
                            "HorizontalAlignment": "Left",
                            "VerticalAlignment": "Center",
                            "Source": "logotypes/f1_logo.png",
                            "Triggers": [
                                {
                                    "Condition": "{Season.LeagueInfo.LeagueLogo, Converter=EmptyObjectToFalse}",
                                    "Setters": [
                                        {
                                            "Property": "Source",
                                            "Value": "{Season.LeagueInfo.LeagueLogo}"
                                        },
                                        {
                                            "Property": "Height",
                                            "Value": "{g4}"
                                        }
                                    ]
                                }
                            ]
                        },
                        {
                            "BlockType": "stack",
                            "Orientation": "Horizontal",
                            "Spacing": 25,
                            "Items": [
                                {
                                    "BlockType": "text",
                                    "VerticalAlignment": "Center",
                                    "Source": "{Season.Name, Converter=StringToUpperString}",
                                    "FontName": "{FontNameBlack}",
                                    "FontSize": 150,
                                    "Foreground": "{White}",
                                    "Triggers": [
                                        {
                                            "Condition": "{g5, Converter=StringEquals, Parameter=Category Name}",
                                            "Property": "Source",
                                            "Value": "{Season.MainLeagueCategory.Name, Converter=StringToUpperString}"
                                        },
                                        {
                                            "Condition": "{g5, Converter=StringEquals, Parameter=Category Short Name}",
                                            "Property": "Source",
                                            "Value": "{Season.MainLeagueCategory.ShortName, Converter=StringToUpperString}"
                                        },
                                        {
                                            "Condition": "{g1, Converter=StringNotEquals, Parameter=Custom Colour}",
                                            "Property": "Foreground",
                                            "Value": "{{SeasonNameColouredFG}}"
                                        }
                                    ]
                                },
                                {
                                    "BlockType": "text",
                                    "VerticalAlignment": "Center",
                                    "Source": "<source>",
                                    "FontName": "{FontNameBlack}",
                                    "FontSize": 150,
                                    "Foreground": "{{g1}}"
                                }
                            ]
                        },
                        {
                            "BlockType": "text",
                            "VerticalAlignment": "Center",
                            "Source": "[STANDINGS]",
                            "FontName": "{FontNameBlack}",
                            "FontSize": 150,
                            "Foreground": "{{g1}}"
                        }
                    ]
                }
            ]
        },
        {
            "BlockType": "itemstack",
            "MarginBottom": 28,
            "HorizontalAlignment": "Right",
            "VerticalAlignment": "Bottom",
            "Orientation": "Vertical",
            "ItemStackOptions": {
                "ItemSource": "{Standings.Events}",
                "Limit": 1,
                "IndexStart": "{Season.SeasonCurrentNumberEventExcludingNonChampionship, Converter=NumberSubtract, Parameter=1}",
                "ItemTemplate": {
                    "BlockType": "stack",
                    "Orientation": "Vertical",
                    "Items": [
                        {
                            "BlockType": "text",
                            "VerticalAlignment": "Center",
                            "Source": "[POINTS AFTER THE]",
                            "HorizontalAlignment": "Right",
                            "FontName": "{FontNameDefault}",
                            "FontSize": 52,
                            "Foreground": "{{g1}}",
                            "Triggers": [
                                {
                                    "Condition": "{sta1, Converter=StringNotEquals, Parameter=Points}",
                                    "Property": "Source",
                                    "Value": "[STANDINGS AFTER]"
                                }
                            ]
                        },
                        {
                            "BlockType": "text",
                            "VerticalAlignment": "Center",
                            "HorizontalAlignment": "Right",
                            "Source": "[{Item.Track.CircuitName, Converter=StringToUpperString} GP]",
                            "FontName": "{FontNameBold}",
                            "FontSize": 52,
                            "Foreground": "{{g1}}",
                            "Triggers": [
                                {
                                    "Condition": "{sta1, Converter=StringNotEquals, Parameter=Points}",
                                    "Property": "Source",
                                    "Value": "[THE] [{Item.Track.CircuitName, Converter=StringToUpperString} GP]"
                                }
                            ]
                        }
                    ]
                }
            }
        }
    ]
}