{
    "ComponentName": "TeamLineStandings",
    "BlockType": "stack",
    "Orientation": "Vertical",
    "WidthPercent": 100,
    "Items": [
        {
            "BlockType": "stack",
            "VerticalAlignment": "Center",
            "HorizontalAlignment": "Left",
            "WidthPercent": 100,
            "Height": 202,
            "Items": [
                {
                    "BlockType": "stack",
                    "HorizontalAlignment": "Center",
                    "VerticalAlignment": "Center",
                    "Items": [
                        {
                            "BlockType": "dock",
                            "Height": 202,
                            "VerticalAlignment": "Center",
                            "ColorizeBackground": {
                                "Enabled": false,
                                "Color": "F0F0F0"
                            },
                            "Items": [
                                {
                                    "BlockType": "text",
                                    "MarginTop": 8,
                                    "Width": 220,
                                    "Height": 200,
                                    "HorizontalAlignment": "Center",
                                    "Source": "{Item.Position}",
                                    "Style": "NameBlackStandings",
                                    "Foreground": "{Black}",
                                    "VerticalAlignment": "Center",
                                    "FontSize": 100,
                                    "Triggers": [
                                        {
                                            "Condition": "{sta14}",
                                            "ConditionAnd": "{Item.Position, Converter=NumberEquals, Parameter=1}",
                                            "Setters": [
                                                {
                                                    "Property": "Foreground",
                                                    "Value": "{ChampColourFG}"
                                                },
                                                {
                                                    "Property": "Source",
                                                    "Value": "[C]"
                                                }
                                            ]
                                        }
                                    ]
                                }
                            ],
                            "Triggers": [
                                {
                                    "Condition": "{Item.Position, Converter=NumberEquals, Parameter=1}",
                                    "Setters": [
                                        {
                                            "Property": "BackgroundImage",
                                            "Value": "components/bg.position.corner.png"
                                        },
                                        {
                                            "Property": "ColorizeBackground.Enabled",
                                            "Value": true
                                        }
                                    ]
                                },
                                {
                                    "Condition": "{Item.Position, Converter=NumberEquals, Parameter={TeamCount}}",
                                    "Setters": [
                                        {
                                            "Property": "BackgroundImage",
                                            "Value": "components/bg.position.corner2.png"
                                        },
                                        {
                                            "Property": "ColorizeBackground.Enabled",
                                            "Value": true
                                        }
                                    ]
                                },
                                {
                                    "Condition": "{Item.Position, Converter=NumberIsOdd}",
                                    "Property": "ColorizeBackground.Color",
                                    "Value": "F0F0F0"
                                },
                                {
                                    "Condition": "{Item.Position, Converter=NumberIsEven}",
                                    "Property": "ColorizeBackground.Color",
                                    "Value": "E4E4E4"
                                }
                            ]
                        }
                    ],
                    "Triggers": [
                        {
                            "Condition": "{Item.Position, Converter=NumberIsOdd}",
                            "Property": "Background",
                            "Value": "F0F0F0"
                        },
                        {
                            "Condition": "{Item.Position, Converter=NumberIsEven}",
                            "Property": "Background",
                            "Value": "E4E4E4"
                        },
                        {
                            "Condition": "{Item.Position, Converter=NumberEquals, Parameter=1}",
                            "ConditionOr": "{Item.Position, Converter=NumberEquals, Parameter={TeamCount}}",
                            "Property": "Background",
                            "Value": "00000000"
                        }
                    ]
                },
                {
                    "BlockType": "stack",
                    "VerticalAlignment": "Center",
                    "HorizontalAlignment": "Center",
                    "Items": [
                        {
                            "BlockType": "dock",
                            "Height": 202,
                            "Width": 360,
                            "Background": "{Item.Team.Color}",
                            "VerticalAlignment": "Center",
                            "PaddingRight": 100,
                            "Items": [
                                {
                                    "BlockType": "image",
                                    "Height": "{{Item.Team.Name}LogoSizeTeamStandings}",
                                    "HorizontalAlignment": "Center",
                                    "VerticalAlignment": "Center",
                                    "ImageOptions": {
                                        "Path": "{Item.Team.LightLogotypePath}",
                                        "HorizontalAlignment": "Center",
                                        "VerticalAlignment": "Center"
                                    },
                                    "Triggers": [
                                        {
                                            "Condition": "{Item.Team.Name, Converter=StringEquals, Parameter=Aston Martin}",
                                            "ConditionAnd": "{Livery, Converter=BoolReverse}",
                                            "Property": "Margin",
                                            "Value": "-30,0,0,0"
                                        },
                                        {
                                            "Condition": "{{Item.Team.Name}LogoSizeTeamStandings, Converter=EmptyObjectToTrue}",
                                            "Property": "Height",
                                            "Value": 320
                                        },
                                        {
                                            "Condition": "{g3, Converter=StringNotEquals, Parameter=No Avatars}",
                                            "Property": "Padding",
                                            "Value": "80,4"
                                        },
                                        {
                                            "Condition": "{Item.Team.Name, Converter=EmptyObjectToTrue}",
                                            "Setters": [
                                                {
                                                    "Property": "Background",
                                                    "Value": "{{ReserveMediaStandingsBG}}"
                                                },
                                                {
                                                    "Property": "ImageOptions.Path",
                                                    "Value": "logotypes/reserve.png"
                                                }
                                            ]
                                        },
                                        {
                                            "Condition": "{Item.Team.LightLogotypePath, Converter=EmptyObjectToTrue}",
                                            "Property": "ImageOptions.Path",
                                            "Value": "avatars/placeholder1.png"
                                        },
                                        {
                                            "Condition": "{Livery}",
                                            "Setters": [
                                                {
                                                    "Property": "ImageOptions.Path",
                                                    "Value": "{Item.Team.LiveryPath}"
                                                },
                                                {
                                                    "Property": "Height",
                                                    "Value": 110
                                                },
                                                {
                                                    "Property": "PaddingLeft",
                                                    "Value": 180
                                                }
                                            ]
                                        }
                                    ]
                                }
                            ]
                        }
                    ]
                },
                {
                    "BlockType": "stack",
                    "Background": "{Item.Team.Color}",
                    "MinWidth": 737,
                    "Width": "*",
                    "Height": 202,
                    "PaddingRight": 40,
                    "HorizontalAlignment": "Left",
                    "VerticalAlignment": "Center",
                    "Items": [
                        {
                            "BlockType": "component",
                            "Component": "TeamLine",
                            "ComponentOptions": {
                                "Vars": {
                                    "Halign": "Left",
                                    "style": "NameBlackStandings",
                                    "fg": "{{Item.Team.Name}DefaultFG}"
                                }
                            }
                        }
                    ]
                },
                {
                    "BlockType": "dock",
                    "Orientation": "Horizontal",
                    "Height": 202,
                    "Width": 200,
                    "HorizontalAlignment": "Right",
                    "Items": [
                        {
                            "BlockType": "stack",
                            "HorizontalAlignment": "Center",
                            "VerticalAlignment": "Center",
                            "Spacing": 10,
                            "Items": [
                                {
                                    "BlockType": "image",
                                    "RenderIf": "{Item.PositionJump, Converter=NumberNotEquals, Parameter=0}",
                                    "Source": "arrows/arrow_up.png",
                                    "Height": 50,
                                    "VerticalAlignment": "Center",
                                    "HorizontalAlignment": "Center",
                                    "Triggers": [
                                        {
                                            "Condition": "{Item.PositionJump, Converter=NumberLess, Parameter=0}",
                                            "Property": "Source",
                                            "Value": "arrows/arrow_down.png"
                                        }
                                    ]
                                },
                                {
                                    "BlockType": "text",
                                    "Source": "{Item.PositionJump, Converter=NumberAbs}",
                                    "FontName": "{FontNameBlack}",
                                    "FontSize": 70,
                                    "MarginTop": 6,
                                    "Foreground": "{Black}",
                                    "HorizontalAlignment": "Center",
                                    "VerticalAlignment": "Center",
                                    "Triggers": [
                                        {
                                            "Condition": "{Item.PositionJump, Converter=NumberEquals, Parameter=0}",
                                            "Property": "Source",
                                            "Value": "-"
                                        },
                                        {
                                            "Condition": "{Item.PositionJump, Converter=NumberGreater, Parameter=0}",
                                            "ConditionAnd": "{PosJumpColour}",
                                            "Property": "Foreground",
                                            "Value": "{PosStandingsIncreaseFG}"
                                        },
                                        {
                                            "Condition": "{Item.PositionJump, Converter=NumberLess, Parameter=0}",
                                            "ConditionAnd": "{PosJumpColour}",
                                            "Property": "Foreground",
                                            "Value": "{PosDecreaseFG}"
                                        }
                                    ]
                                }
                            ]
                        }
                    ],
                    "Triggers": [
                        {
                            "Condition": "{Item.Position, Converter=NumberIsOdd}",
                            "Property": "Background",
                            "Value": "F0F0F0"
                        },
                        {
                            "Condition": "{Item.Position, Converter=NumberIsEven}",
                            "Property": "Background",
                            "Value": "E4E4E4"
                        }
                    ]
                }
            ]
        },
        {
            "BlockType": "shape",
            "RenderIf": "{Item.Position, Converter=NumberNotEquals, Parameter={TeamCount}}",
            "WidthPercent": 100,
            "Height": 8,
            "ShapeOptions": {
                "Fill": "{White}"
            }
        }
    ]
}