{
    "ComponentName": "TeamDTLeftColumn",
    "Width": "<w>",
    "Height": 210,
    "MinWidth": "<minwidth>",
    "BlockType": "stack",
    "HorizontalAlignment": "Center",
    "VerticalAlignment": "Center",
    "Orientation": "Vertical",
    "Items": [
        {
            "BlockType": "stack",
            "Height": 210,
            "Width": "<w>",
            "Orientation": "Vertical",
            "HorizontalAlignment": "Center",
            "ColorizeBackground": {
                "Enabled": false,
                "Color": "F0F0F0"
            },
            "Items": [
                {
                    "BlockType": "text",
                    "Opacity": "<opacity>",
                    "Source": "<source>",
                    "Padding": "<padding>",
                    "Width": "<w>",
                    "Height": 210,
                    "Style": "NameBlackDataTable",
                    "Foreground": "{Col1FG}"
                }
            ],
            "Triggers": [
                {
                    "Condition": "{Item.Position, Converter=NumberEquals, Parameter=1}",
                    "Setters": [
                        {
                            "Property": "BackgroundImage",
                            "Value": "components/bg.position.corner.png"
                        },
                        {
                            "Property": "ColorizeBackground.Enabled",
                            "Value": true
                        }
                    ]
                },
                {
                    "Condition": "{Item.Position, Converter=NumberEquals, Parameter={TeamCount}}",
                    "Setters": [
                        {
                            "Property": "BackgroundImage",
                            "Value": "components/bg.position.corner2.png"
                        },
                        {
                            "Property": "ColorizeBackground.Enabled",
                            "Value": true
                        }
                    ]
                },
                {
                    "Condition": "{Item.Position, Converter=NumberIsOdd}",
                    "Property": "ColorizeBackground.Color",
                    "Value": "F0F0F0"
                },
                {
                    "Condition": "{Item.Position, Converter=NumberIsEven}",
                    "Property": "ColorizeBackground.Color",
                    "Value": "E4E4E4"
                }
            ]
        },
        {
            "BlockType": "shape",
            "RenderIf": "{Item.Position, Converter=NumberNotEquals, Parameter={TeamCount}}",
            "WidthPercent": 100,
            "Height": 8,
            "ShapeOptions": {
                "Fill": "{White}"
            }
        }
    ],
    "Triggers": [
        {
            "Condition": "{Item.Position, Converter=NumberIsOdd}",
            "Property": "Background",
            "Value": "F0F0F0"
        },
        {
            "Condition": "{Item.Position, Converter=NumberIsEven}",
            "Property": "Background",
            "Value": "E4E4E4"
        },
        {
            "Condition": "{Item.Position, Converter=NumberEquals, Parameter=1}",
            "ConditionOr": "{Item.Position, Converter=NumberEquals, Parameter={TeamCount}}",
            "Property": "Background",
            "Value": "00000000"
        }
    ]
}