{
    "BlockRoot": {
        "BlockType": "itemstack",
        "Width": 5000,
        "HorizontalAlignment": "Center",
        "Orientation": "Vertical",
        "ItemStackOptions": {
            "ItemSource": "{Session.Drivers}",
            "FilterMember": "IsRaceFastestLap",
            "FilterMemberValue": "True",
            "Limit": 1,
            "ItemTemplate": {
                "BlockType": "stack",
                "Background": "{Item.Team.Color}",
                "RenderIf": "{g1, Converter=StringNotEquals, Parameter=No Background}",
                "Items": [
                    {
                        "BlockType": "stack",
                        "ColorizeBackground": {
                            "Enabled": false,
                            "Color": "[{g1}]"
                        },
                        "Items": [
                            {
                                "BlockType": "image",
                                "RenderIf": "{var8, Converter=BoolReverse}",
                                "Source": "bg/bg.{g1}.png",
                                "Triggers": [
                                    {
                                        "Condition": "{g2}",
                                        "Property": "Source",
                                        "Value": "bg/bg.{g1}.plain.png"
                                    },
                                    {
                                        "Condition": "{var8}",
                                        "ConditionAnd": "{g1, Converter=StringEquals, Parameter=Custom Colour}",
                                        "Property": "RenderIf",
                                        "Value": true
                                    }
                                ]
                            },
                            {
                                "BlockType": "image",
                                "RenderIf": "{var8}",
                                "Source": "bg/placeholder.png"
                            }
                        ],
                        "Triggers": [
                            {
                                "Condition": "{var8}",
                                "ConditionAnd": "{g1, Converter=StringNotEquals, Parameter=Custom Colour}",
                                "Setters": [
                                    {
                                        "Property": "BackgroundImage",
                                        "Value": "bg/bg.sprint.png"
                                    },
                                    {
                                        "Property": "ColorizeBackground.Enabled",
                                        "Value": true
                                    }
                                ]
                            }
                        ]
                    }
                ],
                "Triggers": [
                    {
                        "Condition": "{var8}",
                        "ConditionAnd": "{g1, Converter=StringNotEquals, Parameter=Custom Colour}",
                        "Setters": [
                            {
                                "Property": "Background",
                                "Value": "[{g1}2]"
                            }
                        ]
                    },
                    {
                        "Condition": "{Season.LineupsBasedType, Converter=StringEquals, Parameter=Cars}",
                        "Property": "Background",
                        "Value": "{Season.MainLeagueCategory.Color}"
                    }
                ]
            }
        },
        "Triggers": [
            {
                "Condition": "{var1, Converter=StringEquals, Parameter=Winner}",
                "Setters": [
                    {
                        "Property": "ItemStackOptions.FilterMember",
                        "Value": "IsFinished"
                    },
                    {
                        "Property": "ItemStackOptions.FilterMemberValue",
                        "Value": "True"
                    }
                ]
            },
            {
                "Condition": "{var1, Converter=StringEquals, Parameter=PodiumP2}",
                "Setters": [
                    {
                        "Property": "ItemStackOptions.FilterMember",
                        "Value": "IsFinished"
                    },
                    {
                        "Property": "ItemStackOptions.FilterMemberValue",
                        "Value": "True"
                    },
                    {
                        "Property": "ItemStackOptions.IndexStart",
                        "Value": 1
                    }
                ]
            },
            {
                "Condition": "{var1, Converter=StringEquals, Parameter=PodiumP3}",
                "Setters": [
                    {
                        "Property": "ItemStackOptions.FilterMember",
                        "Value": "IsFinished"
                    },
                    {
                        "Property": "ItemStackOptions.FilterMemberValue",
                        "Value": "True"
                    },
                    {
                        "Property": "ItemStackOptions.IndexStart",
                        "Value": 2
                    }
                ]
            },
            {
                "Condition": "{var1, Converter=StringEquals, Parameter=Points}",
                "ConditionOr":  "{var1, Converter=StringEquals, Parameter=Position}",
                "Setters": [
                    {
                        "Property": "ItemStackOptions.FilterMember",
                        "Value": "IsFinished"
                    },
                    {
                        "Property": "ItemStackOptions.FilterMemberValue",
                        "Value": "True"
                    },
                    {
                        "Property": "ItemStackOptions.IndexStart",
                        "Value": "{var7, Converter=NumberSubtract, Parameter=1}"
                    }
                ]
            }
        ]
    }
}