{
    "BlockRoot": {
        "BlockType": "stack",
        "Margin": "20,30,20,0",
        "Orientation": "Horizontal",
        "Items": [
            {
                "BlockType": "dock",
                "Orientation": "Vertical",
                "Items": [
                    //header block
                    {
                        "MarginBottom": 10,
                        "BlockType": "component",
                        "Component": "headerBlockSession",
                        "ComponentOptions": {
                            "Vars": {
                                "source0": "{Season.LeagueInfo.LeagueShortName, Converter=StringToUpperString} {Season.Name, Converter=StringToUpperString} [{Session.Track.CircuitName, Converter=StringToUpperString} GRAND PRIX] 2024",
                                "source1": "[{Statistics.Header, Converter=StringToUpperString}]"
                            }
                        },
                        "Triggers": [
                            {
                                "Condition": "{g5, Converter=StringEquals, Parameter=Category Name}",
                                "ComponentVar": "source0",
                                "Value": "{Season.LeagueInfo.LeagueShortName, Converter=StringToUpperString} {Season.MainLeagueCategory.Name, Converter=StringToUpperString} [{Session.Track.CircuitName, Converter=StringToUpperString} GRAND PRIX] 2024"
                            },
                            {
                                "Condition": "{g5, Converter=StringEquals, Parameter=Category Short Name}",
                                "ComponentVar": "source0",
                                "Value": "{Season.LeagueInfo.LeagueShortName, Converter=StringToUpperString} {Season.MainLeagueCategory.ShortName, Converter=StringToUpperString} [{Session.Track.CircuitName, Converter=StringToUpperString} GRAND PRIX] 2024"
                            }
                        ]
                    },
                    {
                        "BlockType": "stack",
                        "Background": "{P1BarSecondColor}",
                        "Margin": "0, 15, 0, 0",
                        "Items": [
                            {
                                "BlockType": "component",
                                "Component": "P1StatTable",
                                "ComponentOptions": {
                                    "Vars": {
                                        "itemsource": "{Statistics.Drivers}"
                                    }
                                }
                            }
                        ]
                    },
                    {
                        "BlockType": "stack",
                        "Margin": "0, -108, 0, 0",
                        "Items": [
                            {
                                "BlockType": "component",
                                "Component": "StatMainTable",
                                "ComponentOptions": {
                                    "Vars": {
                                        "itemsource": "{Statistics.Drivers}"
                                    }
                                }
                            }
                        ]
                    },
                    {
                        "BlockType": "dock",
                        "MarginTop": 20,
                        "WidthPercent": 100,
                        "Width": "*",
                        "Background": "{FLFooterBG}",
                        "VerticalAlignment": "Bottom",
                        "HorizontalAlignment": "Left",
                        "Padding": "0,20",
                        "Items": [
                            {
                                "BlockType": "text",
                                "WidthPercent": 100,
                                "Foreground": "{SessionFG}",
                                "Height": "*",
                                "Source": "[{Statistics.Description}]",
                                "TextOptions": {
                                    "FontSize": 18,
                                    "Wrap": false,
                                    "HorizontalAlignment": "Left"
                                },
                                "Triggers": [
                                    {
                                        "Condition": "{Statistics.Header, Converter=StringEquals, Parameter=Consistency Rating}",
                                        "ConditionOr": "{Statistics.Header, Converter=StringEquals, Parameter=Pure Race Pace}",
                                        "Property": "TextOptions.Wrap",
                                        "Value": true
                                    }
                                ]
                            }
                        ]
                    }
                ]
            }
        ],
        "Triggers": [
            {
                "Condition": "{Statistics.Description, Converter=EmptyObjectToTrue}",
                "Property": "Margin",
                "Value": "20,30,20,30"
            }
        ]
    }
}