{
    "BlockRoot": {
        "BlockType": "stack",
        "Margin": "20,40,20,20",
        "Orientation": "Horizontal",
        "Items": [
            {
                "BlockType": "stack",
                "RenderIf": "{StaDriverCard}",
                "Orientation": "Vertical",
                "Items": [
                    {
                        "BlockType": "itemstack",
                        "HorizontalAlignment": "Center",
                        "Orientation": "Horizontal",
                        "ItemStackOptions": {
                            "ItemSource": "{Standings.Teams}",
                            "Limit": 1,
                            "ItemTemplate": {
                                "BlockType": "component",
                                "Component": "V1DriverCard",
                                "ComponentOptions": {
                                    "Vars": {
                                        "source0": "1",
                                        "source1": "[ST]",
                                        "ftsize": "{1STCardFS}",
                                        "bg": "{Item.Team.Color}",
                                        "teamname": "{{StaSecondDriverCard}teamname}",
                                        "teamlogo": "{{StaSecondDriverCard}teamlogo}",
                                        "h": "{TeamStandingsDriverCardHeight}"
                                    }
                                }
                            }
                        },
                        "Triggers": [
                            {
                                "Condition": "{StaSecondDriverCard, Converter=StringEquals, Parameter=Driver Leader}",
                                "Property": "ItemStackOptions.ItemSource",
                                "Value": "{Standings.Drivers}"
                            }
                        ]
                    }
                ]
            },
            {
                "BlockType": "dock",
                "Orientation": "Vertical",
                "Items": [
                    //header block
                    {
                        "BlockType": "itemstack",
                        "WidthPercent": 100,
                        "Orientation": "Vertical",
                        "ItemStackOptions": {
                            "ItemSource": "{Standings.Events}",
                            "Limit": 1,
                            "IndexStart": "{Season.SeasonCurrentNumberEventExcludingNonChampionship, Converter=NumberSubtract, Parameter=1}",
                            "ItemTemplate": {
                                "MarginBottom": 50,
                                "BlockType": "component",
                                "Component": "HeaderBlockSession",
                                "ComponentOptions": {
                                    "Vars": {
                                        "source0": "{Season.LeagueInfo.LeagueShortName, Converter=StringToUpperString} {Season.Name, Converter=StringToUpperString} [{Item.Track.CircuitName, Converter=StringToUpperString} GRAND PRIX] 2024",
                                        "source1": "[CONSTRUCTORS' CHAMPIONSHIP]"
                                    }
                                },
                                "Triggers": [
                                    {
                                        "Condition": "{g5, Converter=StringEquals, Parameter=Category Name}",
                                        "ComponentVar": "source0",
                                        "Value": "{Season.LeagueInfo.LeagueShortName, Converter=StringToUpperString} {Season.MainLeagueCategory.Name, Converter=StringToUpperString} [{Item.Track.CircuitName, Converter=StringToUpperString} GRAND PRIX] 2024"
                                    },
                                    {
                                        "Condition": "{g5, Converter=StringEquals, Parameter=Category Short Name}",
                                        "ComponentVar": "source0",
                                        "Value": "{Season.LeagueInfo.LeagueShortName, Converter=StringToUpperString} {Season.MainLeagueCategory.ShortName, Converter=StringToUpperString} [{Item.Track.CircuitName, Converter=StringToUpperString} GRAND PRIX] 2024"
                                    },
                                    {
                                        "Condition": "{StaProgress, Converter=StringNotEquals, Parameter=Do Not Render Progress}",
                                        "Property": "MarginBottom",
                                        "Value": 70
                                    }
                                ]
                            }
                        }
                    },
                    {
                        "BlockType": "stack",
                        "RenderIf": "{StaProgress, Converter=StringEquals, Parameter=Do Not Render Progress}",
                        "Background": "{P1BarSecondColor}",
                        "Margin": "0, 15, 0, 0",
                        "Items": [
                            {
                                "BlockType": "component",
                                "Component": "StandingsP1Table",
                                "ComponentOptions": {
                                    "Vars": {
                                        "itemsource": "{Standings.Teams}",
                                        "driverline": "false"
                                    }
                                }
                            }
                        ]
                    },
                    {
                        "BlockType": "stack",
                        "RenderIf": "{StaProgress, Converter=StringEquals, Parameter=Do Not Render Progress}",
                        "Margin": "0, -108, 0, 0",
                        "Items": [
                            {
                                "BlockType": "component",
                                "Component": "StandingsMainTable",
                                "ComponentOptions": {
                                    "Vars": {
                                        "itemsource": "{Standings.Teams}",
                                        "driverline": "false"
                                    }
                                }
                            }
                        ]
                    },
                    {
                        "BlockType": "stack",
                        "RenderIf": "{StaProgress, Converter=StringNotEquals, Parameter=Do Not Render Progress}",
                        "Background": "{P1BarSecondColor}",
                        "Items": [
                            {
                                "BlockType": "component",
                                "Component": "ProgressP1Table",
                                "ComponentOptions": {
                                    "Vars": {
                                        "itemsource": "{Standings.Teams}",
                                        "driverline": "false"
                                    }
                                }
                            }
                        ]
                    },
                    {
                        "BlockType": "stack",
                        "RenderIf": "{StaProgress, Converter=StringNotEquals, Parameter=Do Not Render Progress}",
                        "Margin": "0, -190, 0, 0",
                        "Items": [
                            {
                                "BlockType": "component",
                                "Component": "ProgressMainTable",
                                "ComponentOptions": {
                                    "Vars": {
                                        "itemsource": "{Standings.Teams}",
                                        "driverline": "false"
                                    }
                                }
                            }
                        ]
                    }
                ]
            }
        ],
        "Triggers": [
            {
                "Condition": "{StaDriverCard}",
                "Property": "Margin",
                "Value": "0,40,20,0"
            }
        ]
    }
}