{
    "BlockType": "dock",
    "ComponentName": "HeaderBlockTeamName",
    "VerticalAlignment": "Top",
    "HorizontalAlignment": "Center",
    "Width": 2160,
    "Items": [
        {
            "BlockType": "stack",
            "Width": 1000,
            "Orientation": "Vertical",
            "HorizontalAlignment": "Left",
            "VerticalAlignment": "Center",
            "Items": [
                {
                    "BlockType": "itemstack",
                    "MarginRight": 20,
                    "HorizontalAlignment": "Right",
                    "ItemStackOptions": {
                        "ItemSource": "{Standings.Teams}",
                        "Limit": 1,
                        "IndexStart": "{com2, Converter=NumberSubtract, Parameter=1}",
                        "ItemTemplate": {
                            "BlockType": "stack",
                            "Orientation": "Vertical",
                            "HorizontalAlignment": "Center",
                            "VerticalAlignment": "Center",
                            "Items": [
                                {
                                    "BlockType": "text",
                                    "Source": "{Item.Team.Name, Converter=StringToUpperString}",
                                    "FontName": "{FontNameBlack}",
                                    "FontSize": 100,
                                    "Foreground": "{Item.Team.Color}",
                                    "HorizontalAlignment": "Right",
                                    "VerticalAlignment": "Top"
                                },
                                {
                                    "BlockType": "stack",
                                    "PaddingTop": 8,
                                    "HorizontalAlignment": "Right",
                                    "VerticalAlignment": "Bottom",
                                    "Spacing": 12,
                                    "Items": [
                                        {
                                            "BlockType": "text",
                                            "Source": "{Item.Driver0.Driver.{name1}, Converter=StringToUpperString}",
                                            "FontName": "{FontNameBlack}",
                                            "FontSize": "{g8, Converter=NumberAdd, Parameter=0}",
                                            "Foreground": "{{g1}}",
                                            "HorizontalAlignment": "Right",
                                            "VerticalAlignment": "Center",
                                            "Triggers": [
                                                {
                                                    "Condition": "{name1, Converter=StringNotEquals, Parameter=Full Name}",
                                                    "Property": "Foreground",
                                                    "Value": "{Item.Team.Color}"
                                                },
                                                {
                                                    "Trigger": "Driver0Name1"
                                                },
                                                {
                                                    "Trigger": "Driver0Name2"
                                                },
                                                {
                                                    "Trigger": "Driver0Name3"
                                                },
                                                {
                                                    "Condition": "{name1, Converter=StringEquals, Parameter=Full Name}",
                                                    "ConditionAnd": "{Item.Driver0.Driver.RealName, Converter=EmptyObjectToTrue}",
                                                    "Property": "Source",
                                                    "Value": "{Item.Driver0.Driver.Name, Converter=StringToUpperString}"
                                                }
                                            ]
                                        },
                                        {
                                            "BlockType": "text",
                                            "RenderIf": "{name1, Converter=StringEquals, Parameter=Full Name}",
                                            "Source": "{Item.Driver0.Driver.RealName, Converter=StringToUpperString}",
                                            "FontName": "{FontNameBlack}",
                                            "FontSize": "{g8, Converter=NumberAdd, Parameter=0}",
                                            "Foreground": "{Item.Team.Color}",
                                            "HorizontalAlignment": "Right",
                                            "VerticalAlignment": "Center",
                                            "Triggers": [
                                                {
                                                    "Trigger": "Driver0Name4"
                                                },
                                                {
                                                    "Condition": "{name1, Converter=StringEquals, Parameter=Full Name}",
                                                    "ConditionAnd": "{Item.Driver0.Driver.RealName, Converter=EmptyObjectToTrue}",
                                                    "Property": "RenderIf",
                                                    "Value": false
                                                }
                                            ]
                                        }
                                    ]
                                },
                                {
                                    "BlockType": "stack",
                                    "HorizontalAlignment": "Right",
                                    "VerticalAlignment": "Bottom",
                                    "Spacing": 12,
                                    "Items": [
                                        {
                                            "BlockType": "text",
                                            "Source": "{Item.Driver1.Driver.{name1}, Converter=StringToUpperString}",
                                            "FontName": "{FontNameBlack}",
                                            "FontSize": "{g8, Converter=NumberAdd, Parameter=0}",
                                            "Foreground": "{{g1}}",
                                            "HorizontalAlignment": "Right",
                                            "VerticalAlignment": "Center",
                                            "Triggers": [
                                                {
                                                    "Condition": "{name1, Converter=StringNotEquals, Parameter=Full Name}",
                                                    "Property": "Foreground",
                                                    "Value": "{Item.Team.Color}"
                                                },
                                                {
                                                    "Trigger": "Driver1Name1"
                                                },
                                                {
                                                    "Trigger": "Driver1Name2"
                                                },
                                                {
                                                    "Trigger": "Driver1Name3"
                                                },
                                                {
                                                    "Condition": "{name1, Converter=StringEquals, Parameter=Full Name}",
                                                    "ConditionAnd": "{Item.Driver1.Driver.RealName, Converter=EmptyObjectToTrue}",
                                                    "Property": "Source",
                                                    "Value": "{Item.Driver1.Driver.Name, Converter=StringToUpperString}"
                                                }
                                            ]
                                        },
                                        {
                                            "BlockType": "text",
                                            "RenderIf": "{name1, Converter=StringEquals, Parameter=Full Name}",
                                            "Source": "{Item.Driver1.Driver.RealName, Converter=StringToUpperString}",
                                            "FontName": "{FontNameBlack}",
                                            "FontSize": "{g8, Converter=NumberAdd, Parameter=0}",
                                            "Foreground": "{Item.Team.Color}",
                                            "HorizontalAlignment": "Right",
                                            "VerticalAlignment": "Center",
                                            "Triggers": [
                                                {
                                                    "Trigger": "Driver1Name4"
                                                },
                                                {
                                                    "Condition": "{name1, Converter=StringEquals, Parameter=Full Name}",
                                                    "ConditionAnd": "{Item.Driver1.Driver.RealName, Converter=EmptyObjectToTrue}",
                                                    "Property": "RenderIf",
                                                    "Value": false
                                                }
                                            ]
                                        }
                                    ]
                                }
                            ]
                        }
                    }
                }
            ]
        },
        {
            "BlockType": "text",
            "Source": "[VS]",
            "FontName": "{FontNameBlack}",
            "FontSize": 100,
            "Foreground": "{{g1}}",
            "HorizontalAlignment": "Center",
            "VerticalAlignment": "Center"
        },
        {
            "BlockType": "stack",
            "Width": 1000,
            "Orientation": "Vertical",
            "HorizontalAlignment": "Right",
            "VerticalAlignment": "Center",
            "Items": [
                {
                    "BlockType": "itemstack",
                    "MarginLeft": 20,
                    "HorizontalAlignment": "Left",
                    "ItemStackOptions": {
                        "ItemSource": "{Standings.Teams}",
                        "Limit": 1,
                        "IndexStart": "{com3, Converter=NumberSubtract, Parameter=1}",
                        "ItemTemplate": {
                            "BlockType": "stack",
                            "Orientation": "Vertical",
                            "HorizontalAlignment": "Center",
                            "VerticalAlignment": "Center",
                            "Items": [
                                {
                                    "BlockType": "text",
                                    "Source": "{Item.Team.Name, Converter=StringToUpperString}",
                                    "FontName": "{FontNameBlack}",
                                    "FontSize": 100,
                                    "Foreground": "{Item.Team.Color}",
                                    "HorizontalAlignment": "Left",
                                    "VerticalAlignment": "Top"
                                },
                                {
                                    "BlockType": "stack",
                                    "PaddingTop": 8,
                                    "HorizontalAlignment": "Left",
                                    "VerticalAlignment": "Bottom",
                                    "Spacing": 12,
                                    "Items": [
                                        {
                                            "BlockType": "text",
                                            "Source": "{Item.Driver0.Driver.{name1}, Converter=StringToUpperString}",
                                            "FontName": "{FontNameBlack}",
                                            "FontSize": "{g8, Converter=NumberAdd, Parameter=0}",
                                            "Foreground": "{{g1}}",
                                            "HorizontalAlignment": "Right",
                                            "VerticalAlignment": "Center",
                                            "Triggers": [
                                                {
                                                    "Condition": "{name1, Converter=StringNotEquals, Parameter=Full Name}",
                                                    "Property": "Foreground",
                                                    "Value": "{Item.Team.Color}"
                                                },
                                                {
                                                    "Trigger": "Driver0Name1"
                                                },
                                                {
                                                    "Trigger": "Driver0Name2"
                                                },
                                                {
                                                    "Trigger": "Driver0Name3"
                                                },
                                                {
                                                    "Condition": "{name1, Converter=StringEquals, Parameter=Full Name}",
                                                    "ConditionAnd": "{Item.Driver0.Driver.RealName, Converter=EmptyObjectToTrue}",
                                                    "Property": "Source",
                                                    "Value": "{Item.Driver0.Driver.Name, Converter=StringToUpperString}"
                                                }
                                            ]
                                        },
                                        {
                                            "BlockType": "text",
                                            "RenderIf": "{name1, Converter=StringEquals, Parameter=Full Name}",
                                            "Source": "{Item.Driver0.Driver.RealName, Converter=StringToUpperString}",
                                            "FontName": "{FontNameBlack}",
                                            "FontSize": "{g8, Converter=NumberAdd, Parameter=0}",
                                            "Foreground": "{Item.Team.Color}",
                                            "HorizontalAlignment": "Right",
                                            "VerticalAlignment": "Center",
                                            "Triggers": [
                                                {
                                                    "Trigger": "Driver0Name4"
                                                },
                                                {
                                                    "Condition": "{name1, Converter=StringEquals, Parameter=Full Name}",
                                                    "ConditionAnd": "{Item.Driver0.Driver.RealName, Converter=EmptyObjectToTrue}",
                                                    "Property": "RenderIf",
                                                    "Value": false
                                                }
                                            ]
                                        }
                                    ]
                                },
                                {
                                    "BlockType": "stack",
                                    "HorizontalAlignment": "Left",
                                    "VerticalAlignment": "Bottom",
                                    "Spacing": 12,
                                    "Items": [
                                        {
                                            "BlockType": "text",
                                            "Source": "{Item.Driver1.Driver.{name1}, Converter=StringToUpperString}",
                                            "FontName": "{FontNameBlack}",
                                            "FontSize": "{g8, Converter=NumberAdd, Parameter=0}",
                                            "Foreground": "{{g1}}",
                                            "HorizontalAlignment": "Right",
                                            "VerticalAlignment": "Center",
                                            "Triggers": [
                                                {
                                                    "Condition": "{name1, Converter=StringNotEquals, Parameter=Full Name}",
                                                    "Property": "Foreground",
                                                    "Value": "{Item.Team.Color}"
                                                },
                                                {
                                                    "Trigger": "Driver1Name1"
                                                },
                                                {
                                                    "Trigger": "Driver1Name2"
                                                },
                                                {
                                                    "Trigger": "Driver1Name3"
                                                },
                                                {
                                                    "Condition": "{name1, Converter=StringEquals, Parameter=Full Name}",
                                                    "ConditionAnd": "{Item.Driver1.Driver.RealName, Converter=EmptyObjectToTrue}",
                                                    "Property": "Source",
                                                    "Value": "{Item.Driver1.Driver.Name, Converter=StringToUpperString}"
                                                }
                                            ]
                                        },
                                        {
                                            "BlockType": "text",
                                            "RenderIf": "{name1, Converter=StringEquals, Parameter=Full Name}",
                                            "Source": "{Item.Driver1.Driver.RealName, Converter=StringToUpperString}",
                                            "FontName": "{FontNameBlack}",
                                            "FontSize": "{g8, Converter=NumberAdd, Parameter=0}",
                                            "Foreground": "{Item.Team.Color}",
                                            "HorizontalAlignment": "Right",
                                            "VerticalAlignment": "Center",
                                            "Triggers": [
                                                {
                                                    "Trigger": "Driver1Name4"
                                                },
                                                {
                                                    "Condition": "{name1, Converter=StringEquals, Parameter=Full Name}",
                                                    "ConditionAnd": "{Item.Driver1.Driver.RealName, Converter=EmptyObjectToTrue}",
                                                    "Property": "RenderIf",
                                                    "Value": false
                                                }
                                            ]
                                        }
                                    ]
                                }
                            ]
                        }
                    }
                }
            ]
        }
    ]
}