{
    "ComponentName": "LeftStatsBar",
    "BlockType": "stack",
    "VerticalAlignment": "Center",
    "HorizontalAlignment": "Left",
    "Items": [
        {
            "BlockType": "dock",
            "Orientation": "Horizontal",
            "Width": 1000,
            "Items": [
                {
                    "BlockType": "shape",
                    "Height": 100,
                    "Width": 1000,
                    "WidthPercent": "<stat>",
                    "VerticalAlignment": "Top",
                    "HorizontalAlignment": "Left",
                    "ShapeOptions": {
                        "Fill": "{Item.Team.SecondaryColor}"
                    }
                },
                {
                    "BlockType": "text",
                    "MarginLeft": 12,
                    "HorizontalAlignment": "Right",
                    "VerticalAlignment": "Center",
                    "Source": "<statvalue>",
                    "Style": "NameBlackCom",
                    "Foreground": "{Item.Team.SecondaryColor}"
                },
                {
                    "BlockType": "text",
                    "MarginLeft": -4,
                    "Source": "<statvalue1>",
                    "StyleName": "NameBlackCom",
                    "FontName": "{FontNameBlack}",
                    "FontSize": 70,
                    "HorizontalAlignment": "Right",
                    "VerticalAlignment": "Top",
                    "Foreground": "{Item.Team.SecondaryColor}"
                }
            ]
        }
    ]
}