{
    "ComponentName": "FooterBlockOfficial",
    "Width": 3840,
    "Height": 527,
    "BlockType": "dock",
    "HorizontalAlignment": "Center",
    "VerticalAlignment": "Center",
    "BackgroundImage": "components/lineup.footer.png",
    "ColorizeBackground": {
        "Enabled": true,
        "Color": "{{LineupFooterBG}}"
    },
    "Items": [
        {
            "BlockType": "image",
            "MarginLeft": 50,
            "MarginBottom": 35,
            "Height": 60,
            "HorizontalAlignment": "Left",
            "VerticalAlignment": "Bottom",
            "ImageOptions": {
                "Path": "logotypes/f1_logo.png",
                "VerticalAlignment": "Bottom",
                "HorizontalAlignment": "Left"
            },
            "Triggers": [
                {
                    "Condition": "{Season.LeagueInfo.LeagueLogo, Converter=EmptyObjectToFalse}",
                    "Setters": [
                        {
                            "Property": "Source",
                            "Value": "{Season.LeagueInfo.LeagueLogo}"
                        },
                        {
                            "Property": "Height",
                            "Value": "{g4}"
                        }
                    ]
                }
            ]
        },
        {
            "BlockType": "text",
            "Margin": "0,0,40,40",
            "Source": "{FooterText}",
            "Style": "NameDefault1",
            "FontName": "{FontNameBold}",
            "HorizontalAlignment": "Right",
            "VerticalAlignment": "Bottom",
            "Foreground": "{SeasonSmallFG}"
        }
    ]
}