{
    "ComponentName": "LeftReserveLineUpRow",
    "BlockType": "dock",
    "HorizontalAlignment": "Left",
    "Background": "{Season.MainLeagueCategory.Color}",
    "Height": 160,
    "Items": [
        {
            "BlockType": "dock",
            "HorizontalAlignment": "Left",
            "VerticalAlignment": "Center",
            "Width": 240,
            "Items": [
                {
                    "BlockType": "text",
                    "Source": "{Item.Driver.RaceNumber}",
                    "Style": "LP-1",
                    "FontName": "{FontNameBlack}",
                    "FontSize": 100,
                    "MarginTop": 7,
                    "Foreground": "{ReserveMediaStandingsFG}",
                    "Triggers": [
                        {
                            "Condition": "{Item.Driver.RaceNumber, Converter=EmptyObjectToTrue}",
                            "Setters": [
                                {
                                    "Property": "Source",
                                    "Value": "0"
                                },
                                {
                                    "Property": "Opacity",
                                    "Value": 0
                                }
                            ]
                        }
                    ]
                }
            ]
        },
        {
            "Name": "Driver",
            "BlockType": "dock",
            "Height": 160,
            "Width": "{LineUpDriverLineWidth}",
            "HorizontalAlignment": "Left",
            "VerticalAlignment": "Center",
            "Items": [
                {
                    "BlockType": "dock",
                    "VerticalAlignment": "Center",
                    "Items": [
                        {
                            "BlockType": "stack",
                            "Orientation": "Vertical",
                            "HorizontalAlignment": "Right",
                            "VerticalAlignment": "Center",
                            "Items": [
                                {
                                    "BlockType": "stack",
                                    "RenderIf": "{ln1}",
                                    "Spacing": 12,
                                    "HorizontalAlignment": "Right",
                                    "VerticalAlignment": "Center",
                                    "Items": [
                                        {
                                            "BlockType": "text",
                                            "Style": "LP-2",
                                            "MarginTop": 4,
                                            "Source": "{Item.Driver.{lnname1}, Converter=StringToUpperString}",
                                            "FontName": "{FontNameBold}",
                                            "Foreground": "{ReserveMediaStandingsFG}",
                                            "Triggers": [
                                                {
                                                    "Condition": "{lnname1, Converter=StringEquals, Parameter=Full Name}",
                                                    "Property": "Source",
                                                    "Value": "{Item.Driver.Name, Converter=StringToUpperString}"
                                                },
                                                {
                                                    "Condition": "{lnname1, Converter=StringEquals, Parameter=Name}",
                                                    "ConditionOr": "{lnname1, Converter=StringEquals, Parameter=RealName}",
                                                    "ConditionOr": "{lnname1, Converter=StringEquals, Parameter=InGameName}",
                                                    "ConditionAnd": "{name3, Converter=BoolReverse}",
                                                    "Property": "Source",
                                                    "Value": "{Item.Driver.{lnname1}}"
                                                },
                                                {
                                                    "Condition": "{name2}",
                                                    "ConditionAnd": "{lnname1, Converter=StringEquals, Parameter=Full Name}",
                                                    "Property": "Source",
                                                    "Value": "{Item.Driver.RealName, Converter=StringToUpperString}"
                                                },
                                                {
                                                    "Condition": "{lnname1, Converter=StringEquals, Parameter=Full Name}",
                                                    "ConditionAnd": "{Item.Driver.RealName, Converter=EmptyObjectToTrue}",
                                                    "Property": "Source",
                                                    "Value": "{Item.Driver.Name, Converter=StringToUpperString}"
                                                }
                                            ]
                                        },
                                        {
                                            "BlockType": "text",
                                            "Padding": "0,1",
                                            "RenderIf": "{lnname1, Converter=StringEquals, Parameter=Full Name}",
                                            "Style": "LP-2",
                                            "MarginTop": 4,
                                            "Source": "{Item.Driver.RealName, Converter=StringToUpperString}",
                                            "FontName": "{FontNameBold}",
                                            "Foreground": "{ReserveMediaStandingsFG}",
                                            "Triggers": [
                                                {
                                                    "Trigger": "Name4"
                                                },
                                                {
                                                    "Condition": "{lnname1, Converter=StringEquals, Parameter=Full Name}",
                                                    "ConditionAnd": "{Item.Driver.RealName, Converter=EmptyObjectToTrue}",
                                                    "Property": "RenderIf",
                                                    "Value": false
                                                }
                                            ]
                                        }
                                    ]
                                },
                                {
                                    "BlockType": "stack",
                                    "Spacing": 12,
                                    "HorizontalAlignment": "Right",
                                    "VerticalAlignment": "Center",
                                    "Items": [
                                        {
                                            "BlockType": "text",
                                            "Style": "LP-1",
                                            "MarginTop": 4,
                                            "Source": "{Item.Driver.{name1}, Converter=StringToUpperString}",
                                            "Foreground": "{ReserveMediaStandingsFG}",
                                            "Triggers": [
                                                {
                                                    "Trigger": "Name1"
                                                },
                                                {
                                                    "Trigger": "Name2"
                                                },
                                                {
                                                    "Trigger": "Name3"
                                                },
                                                {
                                                    "Condition": "{name1, Converter=StringEquals, Parameter=Full Name}",
                                                    "ConditionAnd": "{Item.Driver.RealName, Converter=EmptyObjectToTrue}",
                                                    "Property": "Source",
                                                    "Value": "{Item.Driver.Name, Converter=StringToUpperString}"
                                                },
                                                {
                                                    "Condition": "{Item.Driver.Name, Converter=EmptyObjectToTrue}",
                                                    "Property": "Source",
                                                    "Value": "?"
                                                }
                                            ]
                                        },
                                        {
                                            "BlockType": "text",
                                            "Padding": "0,1",
                                            "MarginTop": 4,
                                            "RenderIf": "{name1, Converter=StringEquals, Parameter=Full Name}",
                                            "Style": "LP-1",
                                            "Source": "{Item.Driver.RealName, Converter=StringToUpperString}",
                                            "Foreground": "{ReserveMediaStandingsFG}",
                                            "Triggers": [
                                                {
                                                    "Trigger": "Name4"
                                                },
                                                {
                                                    "Condition": "{name1, Converter=StringEquals, Parameter=Full Name}",
                                                    "ConditionAnd": "{Item.Driver.RealName, Converter=EmptyObjectToTrue}",
                                                    "Property": "RenderIf",
                                                    "Value": false
                                                }
                                            ]
                                        }
                                    ]
                                },
                                {
                                    "BlockType": "stack",
                                    "HorizontalAlignment": "Right",
                                    "VerticalAlignment": "Center",
                                    "Spacing": 12,
                                    "Items": [
                                        {
                                            "BlockType": "text",
                                            "Source": "[Reserve]",
                                            "Padding": "0,1",
                                            "Style": "LP-2",
                                            "MarginTop": 4,
                                            "Foreground": "{ReserveMediaStandingsFG}",
                                            "HorizontalAlignment": "Right"
                                        },
                                        {
                                            "BlockType": "image",
                                            "Style": "LineUpFlags",
                                            "ImageOptions": {
                                                "Path": "{Item.Driver.Nationality.LogotypePath}"
                                            }
                                        }
                                    ]
                                }
                            ]
                        },
                        {
                            "BlockType": "image",
                            "RenderIf": "{g3, Converter=StringNotEquals, Parameter=No Avatars}",
                            "Source": "avatars/{Item.Team.Name}_1.png",
                            "Height": 580,
                            "Margin": "0,150,0,-150",
                            "Padding": "-200,0",
                            "VerticalAlignment": "Center",
                            "HorizontalAlignment": "Right",
                            "Triggers": [
                                {
                                    "Trigger": "CustomAvatars"
                                }
                            ]
                        }
                    ]
                }
            ]
        },
        {
            "BlockType": "dock",
            "Height": 160,
            "Width": 300,
            "HorizontalAlignment": "Right",
            "Items": [
                {
                    "BlockType": "image",
                    "Height": 210,
                    "HorizontalAlignment": "Center",
                    "VerticalAlignment": "Center",
                    "ImageOptions": {
                        "Path": "logotypes/reserve.png"
                    },
                    "Triggers": [
                        {
                            "Condition": "{Livery}",
                            "Setters": [
                                {
                                    "Property": "ImageOptions.Path",
                                    "Value": "logotypes/liveries/Reserve.png"
                                },
                                {
                                    "Property": "Height",
                                    "Value": 90
                                }
                            ]
                        }
                    ]
                }
            ]
        }
    ]
}
