{
    "BlockRoot": {
        "BlockType": "itemstack",
        "ItemStackOptions": {
            "ItemSource": "{Lineups.Teams}",
            "Limit": 1,
            "IndexStart": "{ban1, Converter=NumberSubtract, Parameter=1}",
            "ItemTemplate": {
                "BlockType": "dock",
                "Height": 3840,
                "Width": 2160,
                "Orientation": "Vertical",
                "HorizontalAlignment": "Center",
                "Items": [
                    {
                        "BlockType": "dock",
                        "Margin": "60,60,60,0",
                        "VerticalAlignment": "Top",
                        "Items": [
                            {
                                "BlockType": "image",
                                "Style": "CountryFlags",
                                "Height": 160,
                                "Padding": "2,-25",
                                "MarginBottom": 50,
                                "HorizontalAlignment": "Left",
                                "VerticalAlignment": "Center",
                                "ImageOptions": {
                                    "Path": "{Item.Line{ban2, Converter=NumberSubtract, Parameter=1}.Driver.Nationality.LogotypePath}"
                                },
                                "Triggers": [
                                    {
                                        "Trigger": "Flags"
                                    }
                                ]
                            },
                            {
                                "BlockType": "text",
                                "VerticalAlignment": "Center",
                                "HorizontalAlignment": "Center",
                                "Source": "{Season.Name, Converter=StringToUpperString}",
                                "FontName": "{FontNameBlack}",
                                "FontSize": 110,
                                "Foreground": "{{g1}}",
                                "Triggers": [
                                    {
                                        "Condition": "{g5, Converter=StringEquals, Parameter=Category Name}",
                                        "Property": "Source",
                                        "Value": "{Season.MainLeagueCategory.Name, Converter=StringToUpperString}"
                                    },
                                    {
                                        "Condition": "{g5, Converter=StringEquals, Parameter=Category Short Name}",
                                        "Property": "Source",
                                        "Value": "{Season.MainLeagueCategory.ShortName, Converter=StringToUpperString}"
                                    }
                                ]
                            },
                            {
                                "BlockType": "image",
                                "Height": 60,
                                "HorizontalAlignment": "Right",
                                "VerticalAlignment": "Center",
                                "ImageOptions": {
                                    "Path": "logotypes/f1_logo.png",
                                    "VerticalAlignment": "Center",
                                    "HorizontalAlignment": "Right"
                                },
                                "Triggers": [
                                    {
                                        "Condition": "{Season.LeagueInfo.LeagueLogo, Converter=EmptyObjectToFalse}",
                                        "Setters": [
                                            {
                                                "Property": "Source",
                                                "Value": "{Season.LeagueInfo.LeagueLogo}"
                                            },
                                            {
                                                "Property": "Height",
                                                "Value": "{g4}"
                                            }
                                        ]
                                    }
                                ]
                            }
                        ]
                    },
                    {
                        "BlockType": "stack",
                        "Margin": "0,0,0,-461",
                        "HorizontalAlignment": "Center",
                        "Orientation": "Vertical",
                        "Items": [
                            {
                                "BlockType": "image",
                                "Padding": "-480,0",
                                "HorizontalAlignment": "Center",
                                "VerticalAlignment": "Center",
                                "Height": 3800,
                                "Source": "avatars/{Item.Team.Name}_{ban2}.png",
                                "Triggers": [
                                    {
                                        "Condition": "{g3, Converter=StringEquals, Parameter=Custom Avatars}",
                                        "ConditionAnd": "{Item.Line{ban2, Converter=NumberSubtract, Parameter=1}.Driver.Description, Converter=EmptyObjectToFalse}",
                                        "Property": "Source",
                                        "Value": "avatars/{Item.Line{ban2, Converter=NumberSubtract, Parameter=1}.Driver.Description}.png"
                                    },
                                    {
                                        "Condition": "{Item.Line{ban2, Converter=NumberSubtract, Parameter=1}.Driver.LogotypePath, Converter=EmptyObjectToFalse}",
                                        "ConditionAnd": "{g3, Converter=StringEquals, Parameter=Custom Avatars}",
                                        "Property": "Source",
                                        "Value": "{Item.Line{ban2, Converter=NumberSubtract, Parameter=1}.Driver.LogotypePath}"
                                    },
                                    {
                                        "Condition": "{g3, Converter=StringEquals, Parameter=No Avatars}",
                                        "Setters": [
                                            {
                                                "Property": "Source",
                                                "Value": "{Item.Team.LogotypePath}"
                                            },
                                            {
                                                "Property": "Height",
                                                "Value": 2000
                                            },
                                            {
                                                "Property": "Margin",
                                                "Value": "0,400,0,0"
                                            },
                                            {
                                                "Property": "Padding",
                                                "Value": "0,0"
                                            }
                                        ]
                                    }
                                ]
                            }
                        ]
                    },
                    {
                        "BlockType": "dock",
                        "Margin": "0,-3840,0,0",
                        "Orientation": "Vertical",
                        "Width": "*",
                        "Height": 3840,
                        "BackgroundImage": "components/bg.pole.gradient.png",
                        "ColorizeBackground": {
                            "Enabled": true,
                            "Color": "{Item.Team.Color}"
                        },
                        "Triggers": [
                            {
                                "Condition": "{g1, Converter=StringNotEquals, Parameter=Custom Colour}",
                                "Property": "ColorizeBackground.Color",
                                "Value": "{{g1}Gradient}"
                            }
                        ],
                        "Items": [
                            {
                                "BlockType": "stack",
                                "Width": "*",
                                "Margin": "60,0,60,60",
                                "Orientation": "Vertical",
                                "VerticalAlignment": "Bottom",
                                "Items": [
                                    {
                                        "BlockType": "dock",
                                        "Margin": "0,0,30,-100",
                                        "VerticalAlignment": "Center",
                                        "HorizontalAlignment": "Center",
                                        "Items": [
                                            {
                                                "BlockType": "dock",
                                                "MarginRight": -55,
                                                "HorizontalAlignment": "Right",
                                                "Height": 800,
                                                "Items": [
                                                    {
                                                        "BlockType": "image",
                                                        "Height": 680,
                                                        "HorizontalAlignment": "Center",
                                                        "VerticalAlignment": "Center",
                                                        "ImageOptions": {
                                                            "Path": "{Item.Team.LightLogotypePath}"
                                                        }
                                                    }
                                                ]
                                            },
                                            {
                                                "BlockType": "dock",
                                                "HorizontalAlignment": "Left",
                                                "Height": 800,
                                                "Items": [
                                                    {
                                                        "BlockType": "text",
                                                        "HorizontalAlignment": "Left",
                                                        "VerticalAlignment": "Center",
                                                        "Source": "{Item.Line{ban2, Converter=NumberSubtract, Parameter=1}.Driver.RaceNumber}",
                                                        "Style": "BannerNS",
                                                        "Triggers": [
                                                            {
                                                                "Condition": "{Item.Line{ban2, Converter=NumberSubtract, Parameter=1}.Driver.RaceNumber, Converter=NumberLess, Parameter=10}",
                                                                "Property": "Source",
                                                                "Value": "0{Item.Line{ban2, Converter=NumberSubtract, Parameter=1}.Driver.RaceNumber}"
                                                            },
                                                            {
                                                                "Condition": "{Item.Team.Name, Converter=StringEquals, Parameter=Mercedes}",
                                                                "Property": "FontSize",
                                                                "Value": 680
                                                            },
                                                            {
                                                                "Condition": "{g1, Converter=StringNotEquals, Parameter=Custom Colour}",
                                                                "Property": "Foreground",
                                                                "Value": "{{g1}}"
                                                            },
                                                            {
                                                                "Condition": "{TeamColourFG, Converter=BoolReverse}",
                                                                "ConditionAnd": "{g1, Converter=StringEquals, Parameter=Custom Colour}",
                                                                "Property": "Foreground",
                                                                "Value": "{{Item.Team.Name}DefaultFG}"
                                                            },
                                                            {
                                                                "Condition": "{F1Numbers{Item.Team.Name}, Converter=EmptyObjectToTrue}",
                                                                "Setters": [
                                                                    {
                                                                        "Property": "FontName",
                                                                        "Value": "{FontNameBlack}"
                                                                    },
                                                                    {
                                                                        "Property": "FontSize",
                                                                        "Value": 780
                                                                    }
                                                                ]
                                                            }
                                                        ]
                                                    }
                                                ]
                                            }
                                        ]
                                    },
                                    {
                                        "BlockType": "stack",
                                        "Orientation": "Vertical",
                                        "Spacing": -40,
                                        "Items": [
                                            {
                                                "BlockType": "text",
                                                "Source": "{Item.Line{ban2, Converter=NumberSubtract, Parameter=1}.Driver.{name1}, Converter=StringToUpperString}",
                                                "Style": "LP-BN",
                                                "Triggers": [
                                                    {
                                                        "Trigger": "VarName1"
                                                    },
                                                    {
                                                        "Trigger": "VarName2"
                                                    },
                                                    {
                                                        "Trigger": "VarName3"
                                                    },
                                                    {
                                                        "Condition": "{g1, Converter=StringNotEquals, Parameter=Custom Colour}",
                                                        "Property": "Foreground",
                                                        "Value": "{{g1}}"
                                                    },
                                                    {
                                                        "Condition": "{TeamColourFG, Converter=BoolReverse}",
                                                        "ConditionAnd": "{g1, Converter=StringEquals, Parameter=Custom Colour}",
                                                        "Property": "Foreground",
                                                        "Value": "{{Item.Team.Name}DefaultFG}"
                                                    },
                                                    {
                                                        "Condition": "{name1, Converter=StringEquals, Parameter=Full Name}",
                                                        "ConditionAnd": "{Item.Line{ban2, Converter=NumberSubtract, Parameter=1}.Driver.RealName, Converter=EmptyObjectToTrue}",
                                                        "Property": "Source",
                                                        "Value": "{Item.Line{ban2, Converter=NumberSubtract, Parameter=1}.Driver.Name, Converter=StringToUpperString}"
                                                    }
                                                ]
                                            },
                                            {
                                                "BlockType": "text",
                                                "RenderIf": "{name1, Converter=StringEquals, Parameter=Full Name}",
                                                "Source": "{Item.Line{ban2, Converter=NumberSubtract, Parameter=1}.Driver.RealName, Converter=StringToUpperString}",
                                                "Style": "LP-BN",
                                                "Triggers": [
                                                    {
                                                        "Trigger": "VarName4"
                                                    },
                                                    {
                                                        "Condition": "{g1, Converter=StringNotEquals, Parameter=Custom Colour}",
                                                        "Property": "Foreground",
                                                        "Value": "{{g1}}"
                                                    },
                                                    {
                                                        "Condition": "{TeamColourFG, Converter=BoolReverse}",
                                                        "ConditionAnd": "{g1, Converter=StringEquals, Parameter=Custom Colour}",
                                                        "Property": "Foreground",
                                                        "Value": "{{Item.{{{Type}}}.Name}DefaultFG}"
                                                    },
                                                    {
                                                        "Condition": "{name1, Converter=StringEquals, Parameter=Full Name}",
                                                        "ConditionAnd": "{Item.Line{ban2, Converter=NumberSubtract, Parameter=1}.Driver.RealName, Converter=EmptyObjectToTrue}",
                                                        "Property": "RenderIf",
                                                        "Value": false
                                                    }
                                                ]
                                            }
                                        ]
                                    },
                                    {
                                        "BlockType": "dock",
                                        "Width": "*",
                                        "VerticalAlignment": "Bottom",
                                        "Items": [
                                            {
                                                "BlockType": "text",
                                                "Source": "{Item.Team.FullName, Converter=StringToUpperString}",
                                                "Style": "LP-BN1",
                                                "Triggers": [
                                                    {
                                                        "Condition": "{g1, Converter=StringNotEquals, Parameter=Custom Colour}",
                                                        "Property": "Foreground",
                                                        "Value": "{{g1}}"
                                                    },
                                                    {
                                                        "Condition": "{TeamColourFG, Converter=BoolReverse}",
                                                        "ConditionAnd": "{g1, Converter=StringEquals, Parameter=Custom Colour}",
                                                        "Property": "Foreground",
                                                        "Value": "{{Item.Team.Name}DefaultFG}"
                                                    }
                                                ]
                                            },
                                            {
                                                "BlockType": "image",
                                                "HorizontalAlignment": "Right",
                                                "Source": "logotypes/{Item.Line{ban2, Converter=NumberSubtract, Parameter=1}.Driver.GamePlatform}.png",
                                                "Height": 70
                                            }
                                        ]
                                    }
                                ]
                            }
                        ]
                    }
                ]
            }
        }
    }
}