{
    "BlockRoot": {
        "Name": "mainStack",
        "BlockType": "stack",
        "Margin": "50,50,50,50",
        "Orientation": "Vertical",
        "Spacing": 20,
        "Items": [
            {
                "BlockType": "component",
                "Component": "HeaderBlockSprintCalendar"
            },
            {
                "Spacing": 15,
                "BlockType": "itemstack",
                "Orientation": "Vertical",
                "ItemStackOptions": {
                    "ItemSource": "{Events.Events}",
                    "FilterMember": "IsHaveSprintSessions",
                    "FilterMemberValue": "True",
                    "ItemTemplate": {
                        "BlockType": "component",
                        "Component": "SprintCalendar"
                    }
                }
            }
        ]
    }
}