{
    "BlockType": "stack",
    "ComponentName": "Column",
    "Orientation": "Vertical",
    "HorizontalAlignment": "Center",
    "Items": [
        {
            "BlockType": "stack",
            "Orientation": "Vertical",
            "Items": [
                {
                    "BlockType": "text",
                    "Style": "<style1>",
                    "Foreground": "<fg>",
                    "Source": "<source>"
                }
            ]
        },
        {
            "BlockType": "shape",
            "RenderIf": "<renderif>",
            "WidthPercent": 100,
            "Height": 8,
            "ShapeOptions": {
                "Fill": "{White}"
            }
        }
    ],
    "ColorizeBackground": {
        "Enabled": false,
        "Color": "{{PointsMediaStandingsBG}}"
    }
}