{
    "ComponentName": "TeamLine",
    "BlockType": "dock",
    "VerticalAlignment": "Center",
    "MarginTop": 8,
    "Items": [
        {
            "BlockType": "stack",
            "Spacing": 12,
            "HorizontalAlignment": "<Halign>",
            "VerticalAlignment": "Center",
            "Items": [
                {
                    "BlockType": "text",
                    "Style": "<style>",
                    "Foreground": "<fg>",
                    "Source": "[{Item.{{{Type}}}.Name, Converter=StringToUpperString}]"
                }
            ]
        }
    ]
}