{
    "BlockRoot": {
        "BlockType": "stack",
        "Orientation": "Vertical",
        "Margin": "25",
        "Items": [
            {
                "MarginBottom": 10,
                "BlockType": "component",
                "Component": "headerBlockSession",
                "ComponentOptions": {
                    "Vars": {
                        "source0": "{Season.LeagueInfo.LeagueShortName, Converter=StringToUpperString} {Season.Name, Converter=StringToUpperString} [{Session.Track.CircuitName, Converter=StringToUpperString} GRAND PRIX] 2024",
                        "source1": "[{Session.SessionType, Converter=StringToUpperString} COMPARISON]"
                    }
                },
                "Triggers": [
                    {
                        "Condition": "{g5, Converter=StringEquals, Parameter=Category Name}",
                        "ComponentVar": "source0",
                        "Value": "{Season.LeagueInfo.LeagueShortName, Converter=StringToUpperString} {Season.MainLeagueCategory.Name, Converter=StringToUpperString} [{Session.Track.CircuitName, Converter=StringToUpperString} GRAND PRIX] 2024"
                    },
                    {
                        "Condition": "{g5, Converter=StringEquals, Parameter=Category Short Name}",
                        "ComponentVar": "source0",
                        "Value": "{Season.LeagueInfo.LeagueShortName, Converter=StringToUpperString} {Season.MainLeagueCategory.ShortName, Converter=StringToUpperString} [{Session.Track.CircuitName, Converter=StringToUpperString} GRAND PRIX] 2024"
                    }
                ]
            },
            {
                "BlockType": "table",
                "TableOptions": {
                    "ItemsSource": "{Session.Drivers}",
                    "Limit": "{g6}",
                    "RowSpacing": 30,
                    "HeaderTemplate": {
                        "BlockType": "text",
                        "MarginBottom": 108,
                        "Style": "TableSessionHeader"
                    },
                    "Columns": [
                        {
                            "Header": "",
                            "Template": {
                                "BlockType": "component",
                                "Component": "MainColumn",
                                "ComponentOptions": {
                                    "Vars": {
                                        "style": "P1Default",
                                        "fg": "{QualGraphFG}",
                                        "font": "{FontNameItalic}",
                                        "w": "45",
                                        "pad": "12,0",
                                        "source": "{Item.Position}"
                                    }
                                },
                                "Triggers": [
                                    {
                                        "Condition": "{Item.Status, Converter=StringEquals, Parameter=DSQ}",
                                        "Property": "Opacity",
                                        "Value": 0
                                    }
                                ]
                            }
                        },
                        {
                            "Header": "",
                            "Template": {
                                "BlockType": "component",
                                "Component": "V1DriverLine",
                                "ComponentOptions": {
                                    "Vars": {
                                        "style1": "FirstNameDefault",
                                        "style2": "SecondNameDefault",
                                        "width": "{DriverWidth}"
                                    }
                                }
                            }
                        },
                        {
                            "Header": "",
                            "Template": {
                                "BlockType": "dock",
                                "HorizontalAlignment": "Center",
                                "MarginRight": 12,
                                "Items": [
                                    {
                                        "BlockType": "text",
                                        "Source": "{Item.Team.Name}",
                                        "Foreground": "{QualGraphFG}",
                                        "HorizontalAlignment": "Right",
                                        "VerticalAlignment": "Center",
                                        "FontName": "{FontNameItalic}",
                                        "MarginTop": 2,
                                        "FontSize": 28
                                    }
                                ]
                            }
                        },
                        {
                            "Header": "",
                            "Template": {
                                "BlockType": "stack",
                                "VerticalAlignment": "Center",
                                "Items": [
                                    {
                                        "BlockType": "image",
                                        "VerticalAlignment": "Center",
                                        "Height": 36,
                                        "Padding": "5,0",
                                        "Background": "{{QualGraphBarBG}}",
                                        "ImageOptions": {
                                            "Path": "{Item.Team.LightLogotypePath}"
                                        },
                                        "Triggers": [
                                            {
                                                "Condition": "{Season.LineupsBasedType, Converter=StringEquals, Parameter=Cars}",
                                                "ConditionOr": "{Livery}",
                                                "Property": "ImageOptions.Path",
                                                "Value": "{Item.{{{Type}}}.LiveryPath}"
                                            },
                                            {
                                                "Condition": "{Season.LineupsBasedType, Converter=StringEquals, Parameter=Cars}",
                                                "ConditionOr": "{Livery}",
                                                "ConditionAnd": "{Item.{{{Type}}}.Name, Converter=EmptyObjectToTrue}",
                                                "Property": "ImageOptions.Path",
                                                "Value": "logotypes/liveries/Reserve.png"
                                            },
                                            {
                                                "Condition": "{Season.LineupsBasedType, Converter=StringEquals, Parameter=Cars}",
                                                "ConditionAnd": "{Livery, Converter=BoolReverse}",
                                                "Property": "ImageOptions.Path",
                                                "Value": "{Item.{{{Type}}}.Vendor.LogotypePath}"
                                            },
                                            {
                                                "Condition": "{Item.{{{Type}}}.Name, Converter=EmptyObjectToTrue}",
                                                "Property": "ImageOptions.Path",
                                                "Value": "logotypes/reserve__light.png"
                                            }
                                        ]
                                    },
                                    {
                                        "BlockType": "shape",
                                        "VerticalAlignment": "Center",
                                        "Height": 36,
                                        "Width": "{{Item.FastestLapTimeMs, Converter=NumberSubtract, Parameter={Session.OverallSessionFastestLapMs}}, Converter=NumberDivide, Parameter=2}",
                                        "MaxWidth": "{BarMaxWidth}",
                                        "ShapeOptions": {
                                            "Fill": "{{QualGraphBarBG}}"
                                        },
                                        "Triggers": [
                                            {
                                                "Condition": "{Item.Position, Converter=NumberEquals, Parameter=1}",
                                                "Property": "WidthPercent",
                                                "Value": 0
                                            }
                                        ]
                                    },
                                    {
                                        "BlockType": "text",
                                        "MarginTop": 4,
                                        "MarginLeft": 10,
                                        "Source": "{Item.Time}",
                                        "VerticalAlignment": "Center",
                                        "FontName": "{FontNameBold}",
                                        "Foreground": "{QualGraphFG}",
                                        "FontSize": 28
                                    }
                                ]
                            }
                        }
                    ]
                }
            }
        ]
    }
}