{
    //defaults
    "FontNameDefault": "Formula1-Regular",
    "FontNameWide": "Formula1-Wide",
    "FontNameBold": "Formula1-Bold",
    "FontNameBlack": "Formula1-Black",
    "FontNameItalic": "Formula1-Italic",
    "FontNameBoldItalic": "Magistral-BoldItalic",
    "FontSizeDefault": 30,
    "ForegroundDefault": "FFFFFF",
    // "ForegroundDefault": "ABACB1",
    "BackgroundDefault": "13151D",
    "Dark": "FFFFFF",
    "Purple": "FFFFFF",
    "Light": "000000",
    "Custom Colour": "FFFFFF",
    "White": "FFFFFF",
    "Black": "000000",
    //championship type
    "Type": "Season.LineupsBasedType",
    "Teams": "Team",
    "Cars": "Car",
    //position jump fg colours
    "PosIncreaseFG": "07FF00",
    "PosStandingsIncreaseFG": "009200",
    "PosDecreaseFG": "DB0200",
    // driver ratings render
    "RatingNumberFG": "200962",
    "RatingNameFG": "FF0064",
    "RatingBG": "200962",
    "RatingDriverNameFG": "000000",
    //head-to-head / comparison
    "ComparisonDriverLineWidth": 600,
    //team names
    "Standard RED BULL": "RED BULL RACING HONDA RBPT",
    "Standard MCLAREN": "McLAREN MERCEDES",
    "Standard RACING BULLS": "RB HONDA RBPT",
    "Standard ASTON MARTIN": "ASTON MARTIN ARAMCO MERCEDES",
    "Standard ALPINE": "ALPINE RENAULT",
    "Standard ALFA ROMEO": "ALFA ROMEO FERRARI",
    "Standard HAAS": "HAAS FERRARI",
    "Standard ALPHATAURI": "ALPHATAURI HONDA RBPT",
    "Standard WILLIAMS": "WILLIAMS MERCEDES",
    "Standard SAUBER": "KICK SAUBER FERRARI",
    "Standard ": "RESERVE",
    //team colours
    "FerrariDefaultFG": "000000",
    "Sodi SR5DefaultFG": "000000",
    "MercedesDefaultFG": "000000",
    "HaasDefaultFG": "000000",
    "SauberDefaultFG": "000000",
    "Red BullStandardRendersFG": "1E5BC6",
    "WilliamsStandardRendersFG": "00A3E0",
    "AlpineStandardRendersFG": "E73895",
    "AlphaTauriStandardRendersFG": "4E7C9B",
    "FerrariOfficialLineUpFG": "FFF200",
    "Red BullOfficialLineUpFG": "DB0A40",
    "MercedesOfficialLineUpFG": "000000",
    "HaasOfficialLineUpFG": "000000",
    "SauberOfficialLineUpFG": "000000",
    "Aston MartinOfficialLineUpFG": "CEDC00",
    //reserve colours
    "ReserveMediaStandingsFG": "000000",
    "ReserveMediaStandingsBG": "Season.MainLeagueCategory.Color",
    "ReserveStandardRendersColouredFG": "Season.MainLeagueCategory.Color",
    "ReserveStandardRendersColouredBG": "Season.MainLeagueCategory.Color",
    "TheGridReserveBG": "Season.MainLeagueCategory.Color",
    "DriverCardReserveBG": "Season.MainLeagueCategory.Color",
    "VarInfoReserveBG": "Season.MainLeagueCategory.Color",
    "ChampionReserveBG": "Season.MainLeagueCategory.Color",
    //lineup logotypes
    "DarkLNLogo": "Alternative",
    "LightLNLogo": "Dark",
    "PurpleLNLogo": "Alternative",
    "Custom ColourLNLogo": "Alternative",
    "No BackgroundLNLogo": "Alternative",
    //header block colours - media
    "SeasonNameColouredFG": "Season.MainLeagueCategory.Color",
    //calendar
    "RoundCountFG": "FFFFFF",
    "RoundCountBG": "Season.MainLeagueCategory.Color",
    "RoundCountCompletedStatusFG": "606060",
    "RoundCountCompletedStatusBG": "2B2B2B",
    "CountryNameFG": "Season.MainLeagueCategory.Color",
    "CountryNameCompletedStatusFG": "474747",
    "WinnerCompletedStatusFG": "606060",
    "SprintBG": "Season.MainLeagueCategory.Color",
    "SprintCompletedStatusBG": "1F1F1F",
    "DarkenedCalendarTheme": "1F1F1F",
    "ScheduleCalendarTheme": "FFFFFF",
    "ScheduleCalendarMainFG": "000000",
    "SprintCalendarEventBG#1": "Season.MainLeagueCategory.Color",
    "SprintCalendarEventBG#2": "ee0000",
    "SprintCalendarFG": "FFFFFF",
    "SprintEventWidth": 1000,
    "PurpleVerticalBarColour": "2E2D3D",
    "LightVerticalBarColour": "1F1F1F",
    "DarkVerticalBarColour": "252525",
    "Custom ColourVerticalBarColour": "252525",
    "No BackgroundVerticalBarColour": "252525",
    //schedule
    "ScheduleRecordDriverLineWidth": 250,
    //copy hex codes into your database
    "RedBullPrimary": "15185F",
    "MercedesPrimary": "27F4D2",
    "FerrariPrimary": "FE0000",
    "McLarenPrimary": "FD8000",
    "AstonMartinPrimary": "00594F",
    "AlpinePrimary": "E73895",
    "WilliamsPrimary": "0000FE",
    "RacingBullsPrimary": "1534CC",
    "SauberPrimary": "00E701",
    "HaasPrimary": "FFFFFF",
    "RedBullSecondary": "DB0A40",
    "FerrariSecondary": "FFF200",
    "MercedesSecondary": "000000",
    "AlpineSecondary": "E73895",
    "McLarenSecondary": "C0C0C0",
    "AlfaRomeoSecondary": "000000",
    "AstonMartinSecondary": "CEDC00",
    "HaasSecondary": "E6002D",
    "AlphaTauriSecondary": "000000",
    "WilliamsSecondary": "2242BD",
    //variable information
    "PoleFontSize": 719,
    "FastestFontSize": 444,
    "WinnerFontSize": 434,
    "PodiumFontSize": 458,
    "PointsFontSize": 501,
    "PositionFontSize": 600,
    //dotd
    "DotdNameFontSize": 50,
    "DotdSeasonNameHeaderFS": 70,
    "DotdRoundCountHeaderFS": 40,
    "DotdCarBasedChampBG": "Season.MainLeagueCategory.Color",
    //the grid colours
    "PositionBG": "CFCFCF",
    "PositionFG": "000000",
    //champion
    "ChampColourFG": "D2B772",
    "ChampTextFS": 240,
    //podium results colours
    "CarChampPrimaryPodiumBG": "Season.MainLeagueCategory.Color",
    "CarChampSecondaryPodiumBG": "Season.MainLeagueCategory.SecondaryColor",
    //qualifying comparison
    "QualGraphFG": "FFFFFF",
    "QualGraphBarBG": "Item.Team.Color",
    "BarMaxWidth": 2200,
    //standings media colours
    "PointsStandingsFG": "FFFFFF",
    "PointsMediaStandingsBG": "Season.MainLeagueCategory.Color",
    "PrimaryStandingsFG": "000000",
    "MainStandingsFG": "000000",
    "CarChampBG": "Season.MainLeagueCategory.Color",
    "Col1FG": "000000",
    "Col2FG": "000000",
    "P1FG": "D1B000",
    "P2FG": "71706E",
    "P3FG": "CD7F32",
    "Top10FG": "000000",
    "FLFG": "B500FF",
    "PoleFG": "FF10EF",
    "DOTDFG": "000000",
    "PPFG": "FF0000",
    "DNFFG": "8B0000",
    "EventsFG": "000000",
    //standings media
    "StandingsDriverLineWidth": 2024,
    "StandingsTeamLineWidth": 2024,
    "TeamCardFS": 58,
    "TeamCount": 10,
    "Red BullLogoSize": 300,
    "McLarenLogoSize": 240,
    "Aston MartinLogoSize": 360,
    "Red BullLogoSizeTeamStandings": 360,
    "Aston MartinLogoSizeTeamStandings": 570,
    "Racing BullsLogoSizeTeamStandings": 260,
    "WilliamsLogoSizeTeamStandings": 350,
    "SauberLogoSizeTeamStandings": 300,
    "Driver Leader": "Drivers",
    "Driver Leaderteamname": "false",
    "Driver Leaderteamlogo": "false",
    "Team": "Teams",
    "Team Leaderteamname": "true",
    "Team Leaderteamlogo": "true",
    //standings colours
    "CountP1": "FFD700",
    "CountP2": "D8D8D8",
    "CountP3": "CD7F32",
    "CountTop5": "5DFF41",
    "CountTop10": "00A2E8",
    "BestPos1": "99D9EA",
    "BestPosQual": "ABACB1",
    "RaceDriverDayCount": "FF7F27",
    "RaceFastestLapCount": "B039E1",
    "CountQualP1": "E046E0",
    "PenaltyPoints": "BC0505",
    "CountDnf": "ED484A",
    "EventsCount": "ABACB1",
    "TeamCarBasedChampBG": "Season.MainLeagueCategory.Color",
    //podium
    "PodiumDriverCardLogoSize": 600,
    "PodiumDriverCardLogoMargin": "0,280,0,0",
    "PodiumDriverCardLiverySize": 190,
    "PodiumDriverCardLiveryMargin": "0,280,0,0",
    //standard renders
    "TeamStandingsDriverCardHeight": 980,
    "SingleStandingsDriverCardLength": 930,
    "DoubleStandingsDriverCardLength": 862,
    "SingleSessionDriverCardLength": 1008,
    "DoubleSessionDriverCardLength": 894,
    "SessionP1FG": "000000",
    "SessionFG": "ABACB1",
    "NameSessionFG": "FFFFFF",
    "PointsFG": "FFFFFF",
    "P1BarSecondColor": "878787",
    "SessionFastestLapFG": "B039E1",
    "FooterFG": "ffffff",
    "FLFooterBG": "101018",
    "SessionFastestLapFooterFG": "5B1673",
    "1STCardFS": 80,
    "Fastest Lap": "FastestLap",
    "Fastest Lapsource0": "[FASTEST]",
    "Fastest Lapsource1": "",
    "Fastest LapFS": 45,
    "Driver Of The Day": "DriverOfDay",
    "Driver Of The Daysource0": "[DOTD]",
    "Driver Of The Daysource1": "",
    "Driver Of The DayFS": 73,
    "PoleFS": 78,
    "Lap TimeIndex": 0,
    "Lap Timesource0": "{Item.AbsoluteTime}",
    "Lap Timesource1": "",
    "Lap TimeFS": 48,
    "SecondIndex": 1,
    "Secondsource0": 2,
    "Secondsource1": "[ND]",
    "SecondFS": 80,
    //head-to-head
    "TotalPPBothDriversCanEarn": 24,
    "Points": "Points.IntValue",
    "Wins": "CountP1",
    "Podiums": "CountTop3",
    "Top 5": "CountTop5",
    "Top 10": "CountTop10",
    //lineups
    "SeasonSmallFG": "FFFFFF",
    "HeaderText": "{Season.Name, Converter=StringToUpperString} [DRIVER LINE-UP]",
    "FooterText": "{Season.Name, Converter=StringToUpperString} [DRIVER LINE-UP]",
    "LineupHeaderBG": "Season.MainLeagueCategory.Color",
    "LineupFooterBG": "Season.MainLeagueCategory.Color",
    "LineupSeasonNameFG": "Season.MainLeagueCategory.Color",
    "LineUpDriverLineWidth": 800,
    "Red BullLineUpLogoSize": 280,
    "McLarenLineUpLogoSize": 240,
    "Aston MartinLineUpLogoSize": 290,
    "AlpineLineUpLogoSize": 230,
    "Racing BullsLineUpLogoSize": 180,
    //fonts
    "F1NumbersAlfa Romeo": "F1NumbersAlfa Romeo",
    "F1NumbersAlphaTauri": "F1NumbersAlphaTauri",
    "F1NumbersAlpine": "F1NumbersAlpine",
    "F1NumbersAston Martin": "F1NumbersAston Martin",
    "F1NumbersFerrari": "F1NumbersFerrari",
    "F1NumbersHaas": "F1NumbersHaas",
    "F1NumbersMcLaren": "F1NumbersMcLaren",
    "F1NumbersMercedes": "F1NumbersMercedes",
    "F1NumbersRacing Bulls": "F1NumbersRacing Bulls",
    "F1NumbersRed Bull": "F1NumbersRed Bull",
    "F1NumbersSauber": "F1NumbersSauber",
    "F1NumbersWilliams": "F1NumbersWilliams",
    "DarkGradient": "0E0F14",
    "LightGradient": "E9E9EB",
    "PurpleGradient": "09081D",
    "MercedesNumbersFS": 110,
    "FerrariNumbersFS": 150,
    "Aston MartinNumbersFS": 120,
    "HaasNumbersFS": 200,
    //hines added
    "FIAFontSize": "28",
    "FIAText": "#000000",
    "FIALine": "#000000",
    "FIAGrandPrix": "#ff1801",
    "FIAMarginDetailsArea": "50,0,50,0",
    "FIALeftBlockWidth": "290",
    "FIARightBlockWidth": "1500",
    "FIAFont": "Formula1-Regular",
    "FIAFontWide": "Formula1-Wide",
    "FIAFontBold": "Formula1-Bold",
    "PenaltySeparator": "#000000",
    "FIABGColor": "#09FFFFFF"
}