{
    "ComponentName": "HeaderBlockPenalties",
    "VerticalAlignment": "Center",
    "HorizontalAlignment":"Center",
    "MarginLeft": 10,
    "MarginTop" : 25,
    "BlockType": "stack",
    "Orientation": "Horizontal",
    "Items": [
        //headerLeft
        {
            "BlockType": "stack",
            "Orientation": "Vertical",
            "Spacing": -10,
            "HorizontalAlignment": "Left",
            "VerticalAlignment":"Center",
            "Items": [
                {
                    "Name": "FiA-logo",
                    "MarginBottom": 20,
                    "BlockType": "image",
                    "Height": "175",
                    "HorizontalAlignment": "Center",
                    "Source": "logotypes/FiA.png",
                }
            ]
        },
        //headerCenter
        {
            "BlockType": "stack",
            "Orientation": "Vertical",
            "Spacing": -10,
            "MarginTop" :25,
            "HorizontalAlignment": "Center",
            "Items": [
                {
                    "BlockType": "stack",
                    "VerticalAlignment": "Center",
                    "HorizontalAlignment" : "Center",
                    "Items": [
                        {
                            "BlockType": "text",
                            "VerticalAlignment": "Center",
                            "Source": "{Season.LeagueInfo.LeagueName, Converter=StringToUpperString}",
                            "FontName": "{FIAFont}",
                            "FontSize": "75",
                            "Foreground": "{Black}",
                        }
                    ]
                },
                //second line
                {
                    "BlockType": "stack",
                    "VerticalAlignment": "Center",
                    "HorizontalAlignment" : "Center",
                    "Items": [
                        {
                            "BlockType": "text",
                            "Foreground": "{Black}",
                            "FontSize": "{100}",
                            "FontName": "{FIAFontBold}",
                            "Foreground": "{Season.MainLeagueCategory.Color}",
                            "Source": "[{Event.Track.CircuitName, Converter=StringToUpperString} GRAND PRIX]",
                        }
                    ]
                },
            ]
        },
        //headerRight
        {
            "BlockType": "stack",
            "Orientation": "Vertical",
            "Spacing": -10,
            "HorizontalAlignment": "Center",
            "VerticalAlignment":"Center",
            "MarginLeft" :10,
            "Items": [
                {
                    "Name": "f1-logo",
                    "MarginBottom": 20,
                    "BlockType": "image",
                    "Height": "75",
                    "HorizontalAlignment": "Right",
                    "Source": "logotypes/f1_logo.png",
                },
                //{
                    //"Name": "LeagueLogo",
                    //"MarginBottom": 20,
                    //"BlockType": "image",
                    //"Height": "{g4}",
                    //"Width": "auto",
                    //"HorizontalAlignment": "Left",
                    //"Source": "{Season.LeagueInfo.LeagueLogo}",
                    ////"RenderIf": "{Season.LeagueInfo.LeagueLogo, Converter=EmptyObjectToFalse}"
                //},
                //league name

            ]
        },
    ]
}
