{
  "ThemeId": "aon.temp_theme",
  "Name": "AON Temp Theme",
  "Author": "AON",
  "Description": "Temporary Theme for AON",
  "Version": "1.0.0",
  "DefaultLocalizationId": "en-GB",
  "ForceLiveriesLoading": true,
  "RequiredLogotypeVariants": {
    "Team": [
      "Dark",
      "Light",
      "Alternative"
    ]
  },
  "LogotypeBehaviours": [
    {
      "Category": "Team",
      "Variant": "Alternative",
      "UseFallbackSource": true,
      "UseFallbackVariant": true,
      "SetVariantByDefault": false
    },
    {
      "Category": "Team",
      "Variant": "Light",
      "UseFallbackSource": true,
      "UseFallbackVariant": true,
      "SetVariantByDefault": false
    },
    {
      "Category": "Team",
      "Variant": "Dark",
      "UseFallbackSource": true,
      "UseFallbackVariant": true,
      "SetVariantByDefault": false
    }
  ]
}