{
    "BlockRoot": {
        "BlockType": "stack",
        "Orientation": "Vertical",
        "HorizontalAlignment": "Center",
        "Items": [
            {
                "BlockType": "component",
                "Component": "HeaderBlockComparison"
            },
            {
                "BlockType": "itemstack",
                "Orientation": "Vertical",
                "ItemStackOptions": {
                    "ItemSource": "{Standings.Teams}",
                    "ItemTemplate": {
                        "BlockType": "stack",
                        "VerticalAlignment": "Center",
                        "HorizontalAlignment": "Center",
                        "Background": "{Item.Team.Color}",
                        "Items": [
                            {
                                "BlockType": "dock",
                                "VerticalAlignment": "Center",
                                "HorizontalAlignment": "Center",
                                "Width": "{{ComparisonDriverLineWidth, Converter=NumberMultiply, Parameter=2}, Converter=NumberAdd, Parameter=900}",
                                "MarginRight": "{{{ComparisonDriverLineWidth, Converter=NumberMultiply, Parameter=2}, Converter=NumberAdd, Parameter=900}, Converter=NumberMultiply, Parameter=-1}",
                                "Items": [
                                    {
                                        "BlockType": "shape",
                                        "HorizontalAlignment": "Right",
                                        "Height": 160,
                                        "Width": 280,
                                        "BackgroundImage": "components/horizontal.gradient.png",
                                        "ColorizeBackground": {
                                            "Enabled": true,
                                            "Color": "{Item.Team.SecondaryColor}"
                                        },
                                        "ShapeOptions": {
                                            "Fill": "00000000"
                                        },
                                        "Triggers": [
                                            {
                                                "Condition": "{Item.Driver1.Points.IntValue, Converter=NumberEquals, Parameter=0}",
                                                "ConditionOr": "{Item.Driver1.{{Comparison}}, Converter=NumberEquals, Parameter=0}",
                                                "Property": "RenderIf",
                                                "Value": false
                                            }
                                        ]
                                    },
                                    {
                                        "BlockType": "shape",
                                        "WidthPercent": "{{Item.Driver1.Points.FloatValue, Converter=NumberMultiply, Parameter=100}, Converter=NumberDivide, Parameter={Item.Driver0.Points.FloatValue, Converter=NumberAdd, Parameter={Item.Driver1.Points.FloatValue}}}",
                                        "HorizontalAlignment": "Right",
                                        "Height": 160,
                                        "ShapeOptions": {
                                            "Fill": "{Item.Team.SecondaryColor}"
                                        },
                                        "Triggers": [
                                            {
                                                "Condition": "{Comparison, Converter=StringNotEquals, Parameter=Points}",
                                                "Property": "WidthPercent",
                                                "Value": "{{Item.Driver1.{{Comparison}}, Converter=NumberMultiply, Parameter=100}, Converter=NumberDivide, Parameter={Item.Driver0.{{Comparison}}, Converter=NumberAdd, Parameter={Item.Driver1.{{Comparison}}}}}"
                                            },
                                            {
                                                "Condition": "{Item.Driver1.{{Comparison}}, Converter=NumberEquals, Parameter=0}",
                                                "ConditionOr": "{Item.{{Comparison}}, Converter=NumberEquals, Parameter=0}",
                                                "Property": "WidthPercent",
                                                "Value": 0
                                            }
                                        ]
                                    }
                                ]
                            },
                            {
                                "BlockType": "component",
                                "Component": "PointsComparisonLine"
                            }
                        ]
                    }
                }
            }
        ]
    }
}