{
    "BlockRoot": {
        "BlockType": "stack",
        "Orientation": "Vertical",
        "Items": [
            {
                "BlockType": "dock",
                "Orientation": "Horizontal",
                "HorizontalAlignment": "Center",
                "Items": [
                    {
                        "Name": "LineupStackRow",
                        "BlockType": "itemstack",
                        "Orientation": "Vertical",
                        "HorizontalAlignment": "Center",
                        "ItemStackOptions": {
                            "ItemSource": "{Lineups.Teams}",
                            "ItemTemplate": {
                                "BlockType": "component",
                                "Component": "DriverLineUpRow"
                            }
                        }
                    }
                ]
            },
            {
                "BlockType": "dock",
                "RenderIf": "{lnreserve, Converter=NumberNotEquals, Parameter=0}",
                "HorizontalAlignment": "Center",
                "VerticalAlignment": "Center",
                "Items": [
                    {
                        "Name": "LineupReserveRow",
                        "BlockType": "itemstack",
                        "Orientation": "Vertical",
                        "HorizontalAlignment": "Left",
                        "ItemStackOptions": {
                            "ItemSource": "{Lineups.LineupsReserves}",
                            "Limit": "{lnreserve, Converter=NumberDivide, Parameter=2}",
                            "ItemTemplate": {
                                "BlockType": "component",
                                "Component": "LeftReserveLineUpRow"
                            }
                        }
                    },
                    {
                        "Name": "LineupReserveRow",
                        "BlockType": "itemstack",
                        "Orientation": "Vertical",
                        "HorizontalAlignment": "Right",
                        "ItemStackOptions": {
                            "ItemSource": "{Lineups.LineupsReserves}",
                            "Limit": "{lnreserve, Converter=NumberDivide, Parameter=2}",
                            "IndexStart": "{lnreserve, Converter=NumberDivide, Parameter=2}",
                            "ItemTemplate": {
                                "BlockType": "component",
                                "Component": "RightReserveLineUpRow"
                            }
                        }
                    }
                ]
            }
        ]
    }
}