{
    "BlockRoot": {
        "BlockType": "stack",
        "RenderIf": "{g1, Converter=StringNotEquals, Parameter=No Background}",
        "Orientation": "Vertical",
        "Background": "{Season.MainLeagueCategory.Color}",
        "Items": [
            {
                "BlockType": "stack",
                "ColorizeBackground": {
                    "Enabled": false,
                    "Color": "[{g1}]"
                },
                "Items": [
                    {
                        "BlockType": "image",
                        "RenderIf": "{Session.RaceType, Converter=StringNotEquals, Parameter=sprint}",
                        "Source": "bg/bg.{g1}.png",
                        "Triggers": [
                            {
                                "Condition": "{g2}",
                                "Property": "Source",
                                "Value": "bg/bg.{g1}.plain.png"
                            },
                            {
                                "Condition": "{Session.RaceType, Converter=StringEquals, Parameter=sprint}",
                                "ConditionAnd": "{g1, Converter=StringEquals, Parameter=Custom Colour}",
                                "Property": "RenderIf",
                                "Value": true
                            }
                        ]
                    },
                    {
                        "BlockType": "image",
                        "RenderIf": "{Session.RaceType, Converter=StringEquals, Parameter=sprint}",
                        "Source": "bg/placeholder.png"
                    }
                ],
                "Triggers": [
                    {
                        "Condition": "{Session.RaceType, Converter=StringEquals, Parameter=sprint}",
                        "ConditionAnd": "{g1, Converter=StringNotEquals, Parameter=Custom Colour}",
                        "Setters": [
                            {
                                "Property": "BackgroundImage",
                                "Value": "bg/bg.sprint.png"
                            },
                            {
                                "Property": "ColorizeBackground.Enabled",
                                "Value": true
                            }
                        ]
                    }
                ]
            }
        ],
        "Triggers": [
            {
                "Condition": "{Session.RaceType, Converter=StringEquals, Parameter=sprint}",
                "ConditionAnd": "{g1, Converter=StringNotEquals, Parameter=Custom Colour}",
                "Setters": [
                    {
                        "Property": "Background",
                        "Value": "[{g1}2]"
                    },
                    {
                        "Property": "Width",
                        "Value": 5000
                    },
                    {
                        "Property": "Height",
                        "Value": 2813
                    }
                ]
            },
            {
                "Condition": "{g2}",
                "ConditionAnd": "{g1, Converter=StringNotEquals, Parameter=Custom Colour}",
                "Property": "Height",
                "Value": "auto"
            }
        ]
    }
}