{
    "BlockRoot": {
        "BlockType": "dock",
        "Margin": "69,70,68,73",
        "Orientation": "Vertical",
        "Items": [
            {
                "BlockType": "dock",
                "Margin": "0, 0, 0, -337",
                "VerticalAlignment": "Top",
                "Height": 340,
                "Items": [
                    {
                        "BlockType": "stack",
                        "HorizontalAlignment": "Left",
                        "Orientation": "Vertical",
                        "Items": [
                            {
                                "BlockType": "text",
                                "PaddingTop": 5,
                                "Source": "{Season.Name, Converter=StringToUpperString}",
                                "FontSize": 50,
                                "Foreground": "{{g1}}",
                                "FontName": "{FontNameBlack}",
                                "TextOptions": {
                                    "HorizontalAlignment": "Left"
                                },
                                "Triggers": [
                                    {
                                        "Condition": "{g5, Converter=StringEquals, Parameter=Category Name}",
                                        "Property": "Source",
                                        "Value": "{Season.MainLeagueCategory.Name}"
                                    },
                                    {
                                        "Condition": "{g5, Converter=StringEquals, Parameter=Category Short Name}",
                                        "Property": "Source",
                                        "Value": "{Season.MainLeagueCategory.ShortName}"
                                    }
                                ]
                            },
                            {
                                "Name": "leagueLogo",
                                "BlockType": "image",
                                "VerticalAlignment": "Center",
                                "HorizontalAlignment": "Left",
                                "Height": "{g4}",
                                "Source": "{Season.LeagueInfo.LeagueLogo}",
                                "Triggers": [
                                    {
                                        "Condition": "{Season.LeagueInfo.LeagueLogo, Converter=EmptyObjectToTrue}",
                                        "Setters": [
                                            {
                                                "Property": "Source",
                                                "Value": "logotypes/f1_logo.png"
                                            },
                                            {
                                                "Property": "Height",
                                                "Value": 38
                                            }
                                        ]
                                    }
                                ]
                            }
                        ]
                    },
                    {
                        "BlockType": "stack",
                        "HorizontalAlignment": "Right",
                        "Orientation": "Vertical",
                        "Items": [
                            {
                                "BlockType": "text",
                                "PaddingTop": 5,
                                "Source": "[{Session.Track.CircuitName, Converter=StringToUpperString} GP]",
                                "FontSize": 50,
                                "Foreground": "{{g1}}",
                                "FontName": "{FontNameBlack}",
                                "TextOptions": {
                                    "HorizontalAlignment": "Right"
                                },
                                "Triggers": [
                                    {
                                        "Condition": "{Session.RaceType, Converter=StringEquals, Parameter=sprint}",
                                        "Property": "Source",
                                        "Value": "[{Session.Track.CircuitName, Converter=StringToUpperString} SPRINT]"
                                    }
                                ]
                            },
                            {
                                "BlockType": "image",
                                "MarginTop": 20,
                                "VerticalAlignment": "Center",
                                "HorizontalAlignment": "Right",
                                "Style": "CountryFlags",
                                "Source": "{Session.Track.Nation.LogotypePath}",
                                "Height": 105
                            }
                        ]
                    }
                ]
            },
            {
                "BlockType": "dock",
                "Spacing": 77,
                "HorizontalAlignment": "Center",
                "Items": [
                    {
                        "BlockType": "itemstack",
                        "Width": 623,
                        "HorizontalAlignment": "Left",
                        "Orientation": "Horizontal",
                        "VerticalAlignment": "Bottom",
                        "ItemStackOptions": {
                            "ItemSource": "{Session.Drivers}",
                            "Limit": 1,
                            "IndexStart": 1,
                            "ItemTemplate": {
                                "BlockType": "component",
                                "Component": "DriverCard",
                                "ComponentOptions": {
                                    "Vars": {
                                        "w": "623",
                                        "h": "940",
                                        "margin": "80,210,0,0",
                                        "pos": "2",
                                        "bgsource": "components/bg.podium.png"
                                    }
                                }
                            }
                        }
                    },
                    {
                        "BlockType": "itemstack",
                        "Width": 623,
                        "HorizontalAlignment": "Center",
                        "Orientation": "Horizontal",
                        "VerticalAlignment": "Bottom",
                        "ItemStackOptions": {
                            "ItemSource": "{Session.Drivers}",
                            "Limit": 1,
                            "IndexStart": 0,
                            "ItemTemplate": {
                                "BlockType": "component",
                                "Component": "DriverCard",
                                "ComponentOptions": {
                                    "Vars": {
                                        "w": "623",
                                        "h": "1267",
                                        "margin": "80,150,0,0",
                                        "pos": "1",
                                        "bgsource": "components/bg.podium.p1.png"
                                    }
                                }
                            }
                        }
                    },
                    {
                        "BlockType": "itemstack",
                        "Width": 623,
                        "HorizontalAlignment": "Right",
                        "Orientation": "Horizontal",
                        "VerticalAlignment": "Bottom",
                        "ItemStackOptions": {
                            "ItemSource": "{Session.Drivers}",
                            "Limit": 1,
                            "IndexStart": 2,
                            "ItemTemplate": {
                                "BlockType": "component",
                                "Component": "DriverCard",
                                "ComponentOptions": {
                                    "Vars": {
                                        "w": "623",
                                        "h": "890",
                                        "margin": "80,260,0,0",
                                        "pos": "3",
                                        "bgsource": "components/bg.podium.png"
                                    }
                                }
                            }
                        }
                    }
                ]
            },
            {
                "BlockType": "stack",
                "RenderIf": "{g6, Converter=NumberNotEquals, Parameter=3}",
                "Margin": "0,75,0,0",
                "Items": [
                    {
                        "BlockType": "itemstack",
                        "HorizontalAlignment": "Center",
                        "Orientation": "Vertical",
                        "ItemStackOptions": {
                            "ItemSource": "{Session.Drivers}",
                            "Limit": "{g6, Converter=NumberSubtract, Parameter=3}",
                            "IndexStart": 3,
                            "ItemTemplate": {
                                "BlockType": "stack",
                                "Width": 2022,
                                "HorizontalAlignment": "Center",
                                "VerticalAlignment": "Center",
                                "Items": [
                                    {
                                        "BlockType": "stack",
                                        "Width": 1200,
                                        "HorizontalAlignment": "Left",
                                        "VerticalAlignment": "Center",
                                        "Items": [
                                            {
                                                "BlockType": "stack",
                                                "Height": 176,
                                                "HorizontalAlignment": "Center",
                                                "VerticalAlignment": "Center",
                                                "ColorizeBackground": {
                                                    "Enabled": false,
                                                    "Color": "F0F0F0"
                                                },
                                                "Items": [
                                                    {
                                                        "BlockType": "text",
                                                        "Width": 173,
                                                        "MarginTop": 14,
                                                        "Padding": "0,1",
                                                        "HorizontalAlignment": "Center",
                                                        "VerticalAlignment": "Center",
                                                        "Source": "{Item.Position}",
                                                        "Style": "PosPodium"
                                                    }
                                                ],
                                                "Triggers": [
                                                    {
                                                        "Condition": "{Item.Position, Converter=NumberEquals, Parameter=4}",
                                                        "Setters": [
                                                            {
                                                                "Property": "BackgroundImage",
                                                                "Value": "components/bg.position.corner.png"
                                                            },
                                                            {
                                                                "Property": "ColorizeBackground.Enabled",
                                                                "Value": true
                                                            }
                                                        ]
                                                    },
                                                    {
                                                        "Condition": "{Item.Position, Converter=NumberEquals, Parameter={g6}}",
                                                        "Setters": [
                                                            {
                                                                "Property": "BackgroundImage",
                                                                "Value": "components/bg.position.corner2.png"
                                                            },
                                                            {
                                                                "Property": "ColorizeBackground.Enabled",
                                                                "Value": true
                                                            }
                                                        ]
                                                    },
                                                    {
                                                        "Condition": "{Item.Position, Converter=NumberIsEven}",
                                                        "Property": "ColorizeBackground.Color",
                                                        "Value": "E4E4E4"
                                                    }
                                                ]
                                            },
                                            {
                                                "BlockType": "stack",
                                                "Width": "*",
                                                "Height": 176,
                                                "PaddingRight": 40,
                                                "PaddingLeft": 54,
                                                "HorizontalAlignment": "Center",
                                                "VerticalAlignment": "Center",
                                                "Items": [
                                                    {
                                                        "BlockType": "component",
                                                        "Component": "DriverLine",
                                                        "ComponentOptions": {
                                                            "Vars": {
                                                                "render": "true",
                                                                "flagstyle": "PodiumFlags2",
                                                                "Halign": "Left",
                                                                "style1": "NamePodium",
                                                                "fg1": "{Black}",
                                                                "style2": "NamePodium",
                                                                "fg2": "{Black}"
                                                            }
                                                        }
                                                    }
                                                ],
                                                "Triggers": [
                                                    {
                                                        "Condition": "{Item.Position, Converter=NumberIsOdd}",
                                                        "Property": "Background",
                                                        "Value": "F0F0F0"
                                                    },
                                                    {
                                                        "Condition": "{Item.Position, Converter=NumberIsEven}",
                                                        "Property": "Background",
                                                        "Value": "E4E4E4"
                                                    }
                                                ]
                                            }
                                        ],
                                        "Triggers": [
                                            {
                                                "Condition": "{Item.Position, Converter=NumberIsOdd}",
                                                "Property": "Background",
                                                "Value": "F0F0F0"
                                            },
                                            {
                                                "Condition": "{Item.Position, Converter=NumberIsEven}",
                                                "Property": "Background",
                                                "Value": "E4E4E4"
                                            },
                                            {
                                                "Condition": "{Item.Position, Converter=NumberEquals, Parameter=4}",
                                                "ConditionOr": "{Item.Position, Converter=NumberEquals, Parameter={g6}}",
                                                "Property": "Background",
                                                "Value": "00000000"
                                            },
                                            {
                                                "Condition": "{Livery}",
                                                "Property": "Width",
                                                "Value": 1100
                                            }
                                        ]
                                    },
                                    {
                                        "BlockType": "stack",
                                        "Width": "*",
                                        "Height": 176,
                                        "HorizontalAlignment": "Center",
                                        "VerticalAlignment": "Center",
                                        "Items": [
                                            {
                                                "BlockType": "image",
                                                "Height": 120,
                                                "Width": 120,
                                                "HorizontalAlignment": "Center",
                                                "VerticalAlignment": "Center",
                                                "ImageOptions": {
                                                    "Path": "{Item.Team.DarkLogotypePath}",
                                                    "HorizontalAlignment": "Center",
                                                    "VerticalAlignment": "Center"
                                                },
                                                "Triggers": [
                                                    {
                                                        "Condition": "{Item.Team.LogotypePath, Converter=EmptyObjectToTrue}",
                                                        "ConditionAnd": "{Item.SeatPosition, Converter=NumberNotEquals, Parameter=0}",
                                                        "Property": "ImageOptions.Path",
                                                        "Value": "avatars/placeholder1.png"
                                                    },
                                                    {
                                                        "Condition": "{Item.{{{Type}}}.Name, Converter=EmptyObjectToTrue}",
                                                        "Property": "ImageOptions.Path",
                                                        "Value": "logotypes/reserve.png"
                                                    },
                                                    {
                                                        "Condition": "{Season.LineupsBasedType, Converter=StringEquals, Parameter=Cars}",
                                                        "ConditionAnd": "{Livery, Converter=BoolReverse}",
                                                        "Property": "ImageOptions.Path",
                                                        "Value": "{Item.{{{Type}}}.Vendor.LogotypePath}"
                                                    },
                                                    {
                                                        "Condition": "{Season.LineupsBasedType, Converter=StringEquals, Parameter=Cars}",
                                                        "ConditionOr": "{Livery}",
                                                        "Setters": [
                                                            {
                                                                "Property": "ImageOptions.Path",
                                                                "Value": "{Item.{{{Type}}}.LiveryPath}"
                                                            },
                                                            {
                                                                "Property": "Height",
                                                                "Value": 80
                                                            },
                                                            {
                                                                "Property": "Width",
                                                                "Value": "auto"
                                                            }
                                                        ]
                                                    },
                                                    {
                                                        "Condition": "{Season.LineupsBasedType, Converter=StringEquals, Parameter=Cars}",
                                                        "ConditionOr": "{Livery}",
                                                        "ConditionAnd": "{Item.{{{Type}}}.Name, Converter=EmptyObjectToTrue}",
                                                        "Setters": [
                                                            {
                                                                "Property": "ImageOptions.Path",
                                                                "Value": "logotypes/liveries/Reserve.png"
                                                            },
                                                            {
                                                                "Property": "Height",
                                                                "Value": 80
                                                            },
                                                            {
                                                                "Property": "Width",
                                                                "Value": "auto"
                                                            }
                                                        ]
                                                    }
                                                ]
                                            },
                                            {
                                                "BlockType": "text",
                                                "PaddingLeft": 40,
                                                "Padding": "0,1",
                                                "Style": "TeamNamePodium",
                                                "Source": "[{Item.{{{Type}}}.Name, Converter=StringToUpperString}]",
                                                "Triggers": [
                                                    {
                                                        "Condition": "{Item.{{{Type}}}.Name, Converter=EmptyObjectToTrue}",
                                                        "Property": "Source",
                                                        "Value": "[RESERVE]"
                                                    }
                                                ]
                                            }
                                        ],
                                        "Triggers": [
                                            {
                                                "Condition": "{Item.Position, Converter=NumberIsOdd}",
                                                "Property": "Background",
                                                "Value": "F0F0F0"
                                            },
                                            {
                                                "Condition": "{Item.Position, Converter=NumberIsEven}",
                                                "Property": "Background",
                                                "Value": "E4E4E4"
                                            }
                                        ]
                                    },
                                    {
                                        "BlockType": "stack",
                                        "VerticalAlignment": "Center",
                                        "ColorizeBackground": {
                                            "Enabled": false,
                                            "Color": "F0F0F0"
                                        },
                                        "Items": [
                                            {
                                                "BlockType": "shape",
                                                "Height": 176,
                                                "Width": 69,
                                                "ShapeOptions": {
                                                    "Fill": "F0F0F0"
                                                },
                                                "Triggers": [
                                                    {
                                                        "Condition": "{Item.Position, Converter=NumberIsEven}",
                                                        "Property": "ShapeOptions.Fill",
                                                        "Value": "E4E4E4"
                                                    },
                                                    {
                                                        "Condition": "{Item.Position, Converter=NumberEquals, Parameter=4}",
                                                        "ConditionOr": "{Item.Position, Converter=NumberEquals, Parameter={g6}}",
                                                        "Property": "ShapeOptions.Fill",
                                                        "Value": "00000000"
                                                    }
                                                ]
                                            }
                                        ],
                                        "Triggers": [
                                            {
                                                "Condition": "{Item.Position, Converter=NumberEquals, Parameter=4}",
                                                "Setters": [
                                                    {
                                                        "Property": "BackgroundImage",
                                                        "Value": "components/bg.podium.top.corner.png"
                                                    },
                                                    {
                                                        "Property": "ColorizeBackground.Enabled",
                                                        "Value": true
                                                    }
                                                ]
                                            },
                                            {
                                                "Condition": "{Item.Position, Converter=NumberEquals, Parameter={g6}}",
                                                "Setters": [
                                                    {
                                                        "Property": "BackgroundImage",
                                                        "Value": "components/bg.podium.bottom.corner.png"
                                                    },
                                                    {
                                                        "Property": "ColorizeBackground.Enabled",
                                                        "Value": true
                                                    }
                                                ]
                                            },
                                            {
                                                "Condition": "{Item.Position, Converter=NumberIsOdd}",
                                                "Property": "ColorizeBackground.Color",
                                                "Value": "F0F0F0"
                                            },
                                            {
                                                "Condition": "{Item.Position, Converter=NumberIsEven}",
                                                "Property": "ColorizeBackground.Color",
                                                "Value": "E4E4E4"
                                            }
                                        ]
                                    }
                                ],
                                "Triggers": [
                                    {
                                        "Condition": "{Item.Position, Converter=NumberIsOdd}",
                                        "Property": "Background",
                                        "Value": "F0F0F0"
                                    },
                                    {
                                        "Condition": "{Item.Position, Converter=NumberIsEven}",
                                        "Property": "Background",
                                        "Value": "E4E4E4"
                                    },
                                    {
                                        "Condition": "{Item.Position, Converter=NumberEquals, Parameter=4}",
                                        "ConditionOr": "{Item.Position, Converter=NumberEquals, Parameter={g6}}",
                                        "Property": "Background",
                                        "Value": "00000000"
                                    }
                                ]
                            }
                        }
                    }
                ]
            }
        ]
    }
}