{
    "BlockRoot": {
        "BlockType": "stack",
        "Margin": "20,30,20,0",
        "Orientation": "Horizontal",
        "Items": [
            {
                "BlockType": "dock",
                "Orientation": "Vertical",
                "Items": [
                    //header block
                    {
                        "MarginBottom": 10,
                        "BlockType": "component",
                        "Component": "headerBlockSession",
                        "ComponentOptions": {
                            "Vars": {
                                "source0": "{Season.LeagueInfo.LeagueShortName, Converter=StringToUpperString} {Season.Name, Converter=StringToUpperString}",
                                "source1": "[SEASON PENALTIES]"
                            }
                        },
                        "Triggers": [
                            {
                                "Condition": "{g5, Converter=StringEquals, Parameter=Category Name}",
                                "ComponentVar": "source0",
                                "Value": "{Season.LeagueInfo.LeagueShortName, Converter=StringToUpperString} {Season.MainLeagueCategory.Name, Converter=StringToUpperString}"
                            },
                            {
                                "Condition": "{g5, Converter=StringEquals, Parameter=Category Short Name}",
                                "ComponentVar": "source0",
                                "Value": "{Season.LeagueInfo.LeagueShortName, Converter=StringToUpperString} {Season.MainLeagueCategory.ShortName, Converter=StringToUpperString}"
                            }
                        ]
                    },
                    {
                        "BlockType": "stack",
                        "Background": "{P1BarSecondColor}",
                        "Margin": "0, 15, 0, 0",
                        "Items": [
                            {
                                "BlockType": "component",
                                "Component": "P1PenaltyTable",
                                "ComponentOptions": {
                                    "Vars": {
                                        "itemsource": "{Penalties.Drivers}"
                                    }
                                }
                            }
                        ]
                    },
                    {
                        "BlockType": "stack",
                        "Margin": "0, -108, 0, 0",
                        "Items": [
                            {
                                "BlockType": "component",
                                "Component": "PenaltyMainTable",
                                "ComponentOptions": {
                                    "Vars": {
                                        "itemsource": "{Penalties.Drivers}"
                                    }
                                }
                            }
                        ]
                    },
                    {
                        "BlockType": "dock",
                        "Orientation": "Vertical",
                        "WidthPercent": 100,
                        "Width": "*",
                        "Margin": "20,20,0,0",
                        "Height": 50,
                        "Background": "{FLFooterBG}",
                        "VerticalAlignment": "Bottom",
                        "HorizontalAlignment": "Left",
                        "Padding": "0,20",
                        "Items": [
                            {
                                "BlockType": "text",
                                "WidthPercent": 100,
                                "Foreground": "{SessionFG}",
                                "Height": "*",
                                "Source": "[PenaltyDescription]",
                                "TextOptions": {
                                    "FontSize": 26,
                                    "Wrap": true,
                                    "HorizontalAlignment": "Left"
                                }
                            }
                        ]
                    }
                ]
            }
        ]
    }
}