{
    "BlockRoot": {
        "BlockType": "stack",
        "HorizontalAlignment": "Center",
        "Height": 2160,
        "Width": 3840,
        "Orientation": "Vertical",
        "Items": [
            {
                "BlockType": "component",
                "Component": "HeaderBlockOfficial"
            },
            {
                "BlockType": "stack",
                "MarginTop": -560,
                "MarginBottom": -527,
                "HorizontalAlignment": "Center",
                "Orientation": "Vertical",
                "Items": [
                    {
                        "BlockType": "stack",
                        "HorizontalAlignment": "Center",
                        "Spacing": -50,
                        "Items": [
                            {
                                "BlockType": "stack",
                                "HorizontalAlignment": "Left",
                                "Spacing": -171,
                                "Items": [
                                    {
                                        "BlockType": "component",
                                        "Component": "L0LineUpBlock",
                                        "ComponentOptions": {
                                            "Vars": {
                                                "index": 0
                                            }
                                        }
                                    },
                                    {
                                        "BlockType": "itemstack",
                                        "Margin": "0,-30,0,0",
                                        "VerticalAlignment": "Center",
                                        "ItemStackOptions": {
                                            "ItemSource": "{Lineups.Teams}",
                                            "Limit": 1,
                                            "IndexStart": 0,
                                            "ItemTemplate": {
                                                "BlockType": "image",
                                                "Height": 230,
                                                "ImageOptions": {
                                                    "Path": "{Item.Team.{{g1}LNLogo}LogotypePath}"
                                                },
                                                "Triggers": [
                                                    {
                                                        "Condition": "{Item.Team.{{g1}LNLogo}LogotypePath, Converter=EmptyObjectToTrue}",
                                                        "Property": "ImageOptions.Path",
                                                        "Value": "avatars/placeholder1.png"
                                                    }
                                                ]
                                            }
                                        }
                                    },
                                    {
                                        "BlockType": "component",
                                        "Component": "L1LineUpBlock",
                                        "ComponentOptions": {
                                            "Vars": {
                                                "index": 0
                                            }
                                        }
                                    }
                                ]
                            },
                            {
                                "BlockType": "stack",
                                "HorizontalAlignment": "Right",
                                "Spacing": -171,
                                "Items": [
                                    {
                                        "BlockType": "component",
                                        "Component": "L0LineUpBlock",
                                        "ComponentOptions": {
                                            "Vars": {
                                                "index": 1
                                            }
                                        }
                                    },
                                    {
                                        "BlockType": "itemstack",
                                        "Margin": "0,-30,0,0",
                                        "VerticalAlignment": "Center",
                                        "ItemStackOptions": {
                                            "ItemSource": "{Lineups.Teams}",
                                            "Limit": 1,
                                            "IndexStart": 1,
                                            "ItemTemplate": {
                                                "BlockType": "image",
                                                "Height": 230,
                                                "ImageOptions": {
                                                    "Path": "{Item.Team.{LN{g1}Logo}LogotypePath}"
                                                },
                                                "Triggers": [
                                                    {
                                                        "Condition": "{Item.Team.{{g1}LNLogo}LogotypePath, Converter=EmptyObjectToTrue}",
                                                        "Property": "ImageOptions.Path",
                                                        "Value": "avatars/placeholder1.png"
                                                    }
                                                ]
                                            }
                                        }
                                    },
                                    {
                                        "BlockType": "component",
                                        "Component": "L1LineUpBlock",
                                        "ComponentOptions": {
                                            "Vars": {
                                                "index": 1
                                            }
                                        }
                                    }
                                ]
                            }
                        ]
                    },
                    {
                        "BlockType": "stack",
                        "HorizontalAlignment": "Center",
                        "Spacing": 546,
                        "Items": [
                            {
                                "BlockType": "stack",
                                "HorizontalAlignment": "Left",
                                "Spacing": -171,
                                "Items": [
                                    {
                                        "BlockType": "component",
                                        "Component": "L0LineUpBlock",
                                        "ComponentOptions": {
                                            "Vars": {
                                                "index": 2
                                            }
                                        }
                                    },
                                    {
                                        "BlockType": "itemstack",
                                        "Margin": "0,-30,0,0",
                                        "VerticalAlignment": "Center",
                                        "ItemStackOptions": {
                                            "ItemSource": "{Lineups.Teams}",
                                            "Limit": 1,
                                            "IndexStart": 2,
                                            "ItemTemplate": {
                                                "BlockType": "image",
                                                "Height": 230,
                                                "ImageOptions": {
                                                    "Path": "{Item.Team.{{g1}LNLogo}LogotypePath}"
                                                }
                                            }
                                        }
                                    },
                                    {
                                        "BlockType": "component",
                                        "Component": "L1LineUpBlock",
                                        "ComponentOptions": {
                                            "Vars": {
                                                "index": 2
                                            }
                                        }
                                    }
                                ]
                            },
                            {
                                "BlockType": "stack",
                                "HorizontalAlignment": "Right",
                                "Spacing": -171,
                                "Items": [
                                    {
                                        "BlockType": "component",
                                        "Component": "L0LineUpBlock",
                                        "ComponentOptions": {
                                            "Vars": {
                                                "index": 3
                                            }
                                        }
                                    },
                                    {
                                        "BlockType": "itemstack",
                                        "Margin": "0,-30,0,0",
                                        "VerticalAlignment": "Center",
                                        "ItemStackOptions": {
                                            "ItemSource": "{Lineups.Teams}",
                                            "Limit": 1,
                                            "IndexStart": 3,
                                            "ItemTemplate": {
                                                "BlockType": "image",
                                                "Height": 230,
                                                "ImageOptions": {
                                                    "Path": "{Item.Team.{{g1}LNLogo}LogotypePath}"
                                                }
                                            }
                                        }
                                    },
                                    {
                                        "BlockType": "component",
                                        "Component": "L1LineUpBlock",
                                        "ComponentOptions": {
                                            "Vars": {
                                                "index": 3
                                            }
                                        }
                                    }
                                ]
                            }
                        ]
                    },
                    {
                        "BlockType": "stack",
                        "HorizontalAlignment": "Center",
                        "Spacing": 110,
                        "MarginBottom": -60,
                        "Items": [
                            {
                                "BlockType": "stack",
                                "HorizontalAlignment": "Left",
                                "Spacing": -171,
                                "Items": [
                                    {
                                        "BlockType": "component",
                                        "Component": "L0LineUpBlock",
                                        "ComponentOptions": {
                                            "Vars": {
                                                "index": 4
                                            }
                                        }
                                    },
                                    {
                                        "BlockType": "itemstack",
                                        "Margin": "0,-30,0,0",
                                        "VerticalAlignment": "Center",
                                        "ItemStackOptions": {
                                            "ItemSource": "{Lineups.Teams}",
                                            "Limit": 1,
                                            "IndexStart": 4,
                                            "ItemTemplate": {
                                                "BlockType": "image",
                                                "Height": 230,
                                                "ImageOptions": {
                                                    "Path": "{Item.Team.{{g1}LNLogo}LogotypePath}"
                                                }
                                            }
                                        }
                                    },
                                    {
                                        "BlockType": "component",
                                        "Component": "L1LineUpBlock",
                                        "ComponentOptions": {
                                            "Vars": {
                                                "index": 4
                                            }
                                        }
                                    }
                                ]
                            },
                            {
                                "BlockType": "stack",
                                "Width": 790,
                                "Height": 595,
                                "Orientation": "Vertical",
                                "Margin": "0,15,0,0",
                                "HorizontalAlignment": "Center",
                                "VerticalAlignment": "Center",
                                "Items": [
                                    {
                                        "BlockType": "text",
                                        "VerticalAlignment": "Center",
                                        "HorizontalAlignment": "Center",
                                        "Source": "{Season.Name, Converter=StringToUpperString}",
                                        "FontName": "{FontNameBlack}",
                                        "FontSize": "{ln3}",
                                        "Foreground": "{White}",
                                        "Triggers": [
                                            {
                                                "Condition": "{g5, Converter=StringEquals, Parameter=Category Name}",
                                                "Property": "Source",
                                                "Value": "{Season.MainLeagueCategory.Name, Converter=StringToUpperString}"
                                            },
                                            {
                                                "Condition": "{g5, Converter=StringEquals, Parameter=Category Short Name}",
                                                "Property": "Source",
                                                "Value": "{Season.MainLeagueCategory.ShortName, Converter=StringToUpperString}"
                                            },
                                            {
                                                "Condition": "{g1, Converter=StringNotEquals, Parameter=Custom Colour}",
                                                "Property": "Foreground",
                                                "Value": "{{LineupSeasonNameFG}}"
                                            }
                                        ]
                                    },
                                    {
                                        "BlockType": "text",
                                        "VerticalAlignment": "Top",
                                        "HorizontalAlignment": "Center",
                                        "Source": "[DRIVER]",
                                        "FontName": "{FontNameBlack}",
                                        "FontSize": "{ln4}",
                                        "Foreground": "{White}",
                                        "Triggers": [
                                            {
                                                "Condition": "{g1, Converter=StringNotEquals, Parameter=Custom Colour}",
                                                "Property": "Foreground",
                                                "Value": "{{LineupSeasonNameFG}}"
                                            }
                                        ]
                                    },
                                    {
                                        "BlockType": "text",
                                        "VerticalAlignment": "Top",
                                        "HorizontalAlignment": "Center",
                                        "Source": "[LINE-UP]",
                                        "FontName": "{FontNameBlack}",
                                        "FontSize": "{ln5}",
                                        "Foreground": "{White}",
                                        "Triggers": [
                                            {
                                                "Condition": "{g1, Converter=StringNotEquals, Parameter=Custom Colour}",
                                                "Property": "Foreground",
                                                "Value": "{{LineupSeasonNameFG}}"
                                            }
                                        ]
                                    }
                                ]
                            },
                            {
                                "BlockType": "stack",
                                "HorizontalAlignment": "Right",
                                "Spacing": -171,
                                "Items": [
                                    {
                                        "BlockType": "component",
                                        "Component": "L0LineUpBlock",
                                        "ComponentOptions": {
                                            "Vars": {
                                                "index": 5
                                            }
                                        }
                                    },
                                    {
                                        "BlockType": "itemstack",
                                        "Margin": "0,-30,0,0",
                                        "VerticalAlignment": "Center",
                                        "ItemStackOptions": {
                                            "ItemSource": "{Lineups.Teams}",
                                            "Limit": 1,
                                            "IndexStart": 5,
                                            "ItemTemplate": {
                                                "BlockType": "image",
                                                "Height": 230,
                                                "ImageOptions": {
                                                    "Path": "{Item.Team.{{g1}LNLogo}LogotypePath}"
                                                }
                                            }
                                        }
                                    },
                                    {
                                        "BlockType": "component",
                                        "Component": "L1LineUpBlock",
                                        "ComponentOptions": {
                                            "Vars": {
                                                "index": 5
                                            }
                                        }
                                    }
                                ]
                            }
                        ]
                    },
                    {
                        "BlockType": "stack",
                        "MarginTop": -135,
                        "HorizontalAlignment": "Center",
                        "Spacing": 546,
                        "Items": [
                            {
                                "BlockType": "stack",
                                "HorizontalAlignment": "Left",
                                "Spacing": -171,
                                "Items": [
                                    {
                                        "BlockType": "component",
                                        "Component": "L0LineUpBlock",
                                        "ComponentOptions": {
                                            "Vars": {
                                                "index": 6
                                            }
                                        }
                                    },
                                    {
                                        "BlockType": "itemstack",
                                        "Margin": "0,-30,0,0",
                                        "VerticalAlignment": "Center",
                                        "ItemStackOptions": {
                                            "ItemSource": "{Lineups.Teams}",
                                            "Limit": 1,
                                            "IndexStart": 6,
                                            "ItemTemplate": {
                                                "BlockType": "image",
                                                "Height": 230,
                                                "ImageOptions": {
                                                    "Path": "{Item.Team.{{g1}LNLogo}LogotypePath}"
                                                }
                                            }
                                        }
                                    },
                                    {
                                        "BlockType": "component",
                                        "Component": "L1LineUpBlock",
                                        "ComponentOptions": {
                                            "Vars": {
                                                "index": 6
                                            }
                                        }
                                    }
                                ]
                            },
                            {
                                "BlockType": "stack",
                                "HorizontalAlignment": "Right",
                                "Spacing": -171,
                                "Items": [
                                    {
                                        "BlockType": "component",
                                        "Component": "L0LineUpBlock",
                                        "ComponentOptions": {
                                            "Vars": {
                                                "index": 7
                                            }
                                        }
                                    },
                                    {
                                        "BlockType": "itemstack",
                                        "Margin": "0,-30,0,0",
                                        "VerticalAlignment": "Center",
                                        "ItemStackOptions": {
                                            "ItemSource": "{Lineups.Teams}",
                                            "Limit": 1,
                                            "IndexStart": 7,
                                            "ItemTemplate": {
                                                "BlockType": "image",
                                                "Height": 230,
                                                "ImageOptions": {
                                                    "Path": "{Item.Team.{{g1}LNLogo}LogotypePath}"
                                                }
                                            }
                                        }
                                    },
                                    {
                                        "BlockType": "component",
                                        "Component": "L1LineUpBlock",
                                        "ComponentOptions": {
                                            "Vars": {
                                                "index": 7
                                            }
                                        }
                                    }
                                ]
                            }
                        ]
                    },
                    {
                        "BlockType": "stack",
                        "HorizontalAlignment": "Center",
                        "Spacing": -40,
                        "MarginTop": -20,
                        "Items": [
                            {
                                "BlockType": "stack",
                                "HorizontalAlignment": "Left",
                                "Spacing": -171,
                                "Items": [
                                    {
                                        "BlockType": "component",
                                        "Component": "L0LineUpBlock",
                                        "ComponentOptions": {
                                            "Vars": {
                                                "index": 8
                                            }
                                        }
                                    },
                                    {
                                        "BlockType": "itemstack",
                                        "Margin": "0,-30,0,0",
                                        "VerticalAlignment": "Center",
                                        "ItemStackOptions": {
                                            "ItemSource": "{Lineups.Teams}",
                                            "Limit": 1,
                                            "IndexStart": 8,
                                            "ItemTemplate": {
                                                "BlockType": "image",
                                                "Height": 230,
                                                "ImageOptions": {
                                                    "Path": "{Item.Team.{{g1}LNLogo}LogotypePath}"
                                                }
                                            }
                                        }
                                    },
                                    {
                                        "BlockType": "component",
                                        "Component": "L1LineUpBlock",
                                        "ComponentOptions": {
                                            "Vars": {
                                                "index": 8
                                            }
                                        }
                                    }
                                ]
                            },
                            {
                                "BlockType": "stack",
                                "HorizontalAlignment": "Right",
                                "Spacing": -171,
                                "Items": [
                                    {
                                        "BlockType": "component",
                                        "Component": "L0LineUpBlock",
                                        "ComponentOptions": {
                                            "Vars": {
                                                "index": 9
                                            }
                                        }
                                    },
                                    {
                                        "BlockType": "itemstack",
                                        "Margin": "0,-30,0,0",
                                        "VerticalAlignment": "Center",
                                        "ItemStackOptions": {
                                            "ItemSource": "{Lineups.Teams}",
                                            "Limit": 1,
                                            "IndexStart": 9,
                                            "ItemTemplate": {
                                                "BlockType": "image",
                                                "Height": 230,
                                                "ImageOptions": {
                                                    "Path": "{Item.Team.{{g1}LNLogo}LogotypePath}"
                                                }
                                            }
                                        }
                                    },
                                    {
                                        "BlockType": "component",
                                        "Component": "L1LineUpBlock",
                                        "ComponentOptions": {
                                            "Vars": {
                                                "index": 9
                                            }
                                        }
                                    }
                                ]
                            }
                        ]
                    }
                ]
            },
            {
                "BlockType": "component",
                "Component": "FooterBlockOfficial"
            }
        ]
    }
}