{
    "BlockRoot": {
        "Name": "mainStack",
        "BlockType": "stack",
        "Margin": "24, 24, 24, 24",
        "Orientation": "Vertical",
        "Background": "#74101010",
        "Items": [
            {
                "BlockType": "component",
                "Component": "PenaltyItemComponent",
                "ComponentOptions": {
                    "Vars": {
                        "Penalty": "Penalty"
                    }
                }
            }
        ]
    }
}