{
    "ComponentName": "StandingsP1Table",
    "BlockType": "table",
    "BackgroundImage": "bg/bg.p1.bar.png",
    "ColorizeBackground": {
        "Enabled": true,
        "Color": "{Season.MainLeagueCategory.SecondaryColor}"
    },
    "TableOptions": {
        "ItemsSource": "<itemsource>",
        "Limit": 1,
        "HeaderTemplate": {
            "BlockType": "text",
            "Style": "TableSessionHeader"
        },
        "Columns": [
            {
                "Header": "",
                "Template": {
                    "BlockType": "component",
                    "Component": "MainColumn",
                    "ComponentOptions": {
                        "Vars": {
                            "style": "P1Default",
                            "fg": "{SessionP1FG}",
                            "font": "{FontNameItalic}",
                            "w": "45",
                            "pad": "12,0",
                            "source": "{Item.Position}"
                        }
                    },
                    "Triggers": [
                        {
                            "Condition": "{sta14}",
                            "ComponentVar": "source",
                            "Value": "[c]"
                        }
                    ]
                }
            },
            {
                "Header": "",
                "Template": {
                    "RenderIf": "{StaPosJump}",
                    "BlockType": "component",
                    "Component": "PositionJump",
                    "ComponentOptions": {
                        "Vars": {
                            "source0": "arrows/arrow.up.dark.png",
                            "source1": "arrows/equal.dark.png",
                            "source2": "arrows/arrow.down.dark.png"
                        }
                    }
                }
            },
            {
                "Header": "",
                "Template": {
                    "RenderIf": "<driverline>",
                    "BlockType": "component",
                    "Component": "V1DriverLine",
                    "ComponentOptions": {
                        "Vars": {
                            "style1": "P1FirstNameDefault",
                            "style2": "P1SecondNameDefault",
                            "width": "{DriverWidth}"
                        }
                    }
                }
            },
            {
                "Header": "",
                "Template": {
                    "BlockType": "component",
                    "Component": "V1TeamLine",
                    "ComponentOptions": {
                        "Vars": {
                            "bg": "{Item.Team.Color}",
                            "teamstyle": "P1TeamDefault"
                        }
                    }
                }
            },
            {
                "Header": "",
                "Template": {
                    "BlockType": "component",
                    "Component": "MainColumn",
                    "ComponentOptions": {
                        "Vars": {
                            "style": "P1Default",
                            "fg": "{SessionP1FG}",
                            "font": "{FontNameBold}",
                            "w": "100",
                            "pad": "20,0",
                            "source": "{Item.Points}"
                        }
                    },
                    "Triggers": [
                        {
                            "Condition": "{Item.Points.IntValue, Converter=NumberEquals, Parameter=0}",
                            "ComponentVar": "source",
                            "Value": "0"
                        }
                    ]
                }
            },
            {
                "Header": "",
                "Template": {
                    "RenderIf": "{StaGain}",
                    "BlockType": "itemstack",
                    "ItemStackOptions": {
                        "ItemSource": "{Item.Events}",
                        "Limit": 1,
                        "IndexStart": "{Season.SeasonCurrentNumberEventExcludingNonChampionship, Converter=NumberSubtract, Parameter=1}",
                        "ItemTemplate": {
                            "BlockType": "component",
                            "Component": "MainColumn",
                            "ComponentOptions": {
                                "Vars": {
                                    "style": "P1Default",
                                    "fg": "{SessionP1FG}",
                                    "font": "{FontNameBold}",
                                    "w": "70",
                                    "pad": "20,0",
                                    "source": "+{Item.Points}"
                                }
                            },
                            "Triggers": [
                                {
                                    "Condition": "{Item.Points.IntValue, Converter=StringEquals, Parameter=0}",
                                    "Property": "Opacity",
                                    "Value": 0
                                }
                            ]
                        }
                    }
                }
            },
            {
                "Header": "",
                "Template": {
                    "Opacity": 0,
                    "RenderIf": "{StaInterval}",
                    "BlockType": "component",
                    "Component": "MainColumn",
                    "ComponentOptions": {
                        "Vars": {
                            "style": "P1Default",
                            "fg": "{SessionP1FG}",
                            "font": "{FontNameItalic}",
                            "w": "110",
                            "pad": "10,0",
                            "source": "+{Item.PointsToAboveDiff}"
                        }
                    }
                }
            },
            {
                "Header": "",
                "Template": {
                    "Opacity": 0,
                    "RenderIf": "{sta4}",
                    "BlockType": "component",
                    "Component": "MainColumn",
                    "ComponentOptions": {
                        "Vars": {
                            "style": "P1Default",
                            "fg": "{SessionP1FG}",
                            "font": "{FontNameItalic}",
                            "w": "110",
                            "pad": "10,0",
                            "source": "+{Item.PointsToLeaderDiff}"
                        }
                    }
                }
            },
            {
                "Header": "",
                "Template": {
                    "RenderIf": "{sta5}",
                    "BlockType": "component",
                    "Component": "MainColumn",
                    "ComponentOptions": {
                        "Vars": {
                            "style": "P1Default",
                            "fg": "{SessionP1FG}",
                            "font": "{FontNameItalic}",
                            "w": "50",
                            "pad": "20,0",
                            "source": "{Item.CountP1}"
                        }
                    },
                    "Triggers": [
                        {
                            "Condition": "{Item.CountP1, Converter=NumberEquals, Parameter=0}",
                            "Property": "Opacity",
                            "Value": 0
                        }
                    ]
                }
            },
            {
                "Header": "",
                "Template": {
                    "RenderIf": "{sta5}",
                    "BlockType": "component",
                    "Component": "MainColumn",
                    "ComponentOptions": {
                        "Vars": {
                            "style": "P1Default",
                            "fg": "{SessionP1FG}",
                            "font": "{FontNameItalic}",
                            "w": "50",
                            "pad": "20,0",
                            "source": "{Item.CountP2}"
                        }
                    },
                    "Triggers": [
                        {
                            "Condition": "{Item.CountP2, Converter=NumberEquals, Parameter=0}",
                            "Property": "Opacity",
                            "Value": 0
                        }
                    ]
                }
            },
            {
                "Header": "",
                "Template": {
                    "RenderIf": "{sta5}",
                    "BlockType": "component",
                    "Component": "MainColumn",
                    "ComponentOptions": {
                        "Vars": {
                            "style": "P1Default",
                            "fg": "{SessionP1FG}",
                            "font": "{FontNameItalic}",
                            "w": "50",
                            "pad": "20,0",
                            "source": "{Item.CountP3}"
                        }
                    },
                    "Triggers": [
                        {
                            "Condition": "{Item.CountP3, Converter=NumberEquals, Parameter=0}",
                            "Property": "Opacity",
                            "Value": 0
                        }
                    ]
                }
            },
            {
                "Header": "",
                "Template": {
                    "RenderIf": "{StaTop5}",
                    "BlockType": "component",
                    "Component": "MainColumn",
                    "ComponentOptions": {
                        "Vars": {
                            "style": "P1Default",
                            "fg": "{SessionP1FG}",
                            "font": "{FontNameItalic}",
                            "w": "50",
                            "pad": "40,0",
                            "source": "{Item.CountTop5}"
                        }
                    },
                    "Triggers": [
                        {
                            "Condition": "{Item.CountTop5, Converter=NumberEquals, Parameter=0}",
                            "Property": "Opacity",
                            "Value": 0
                        }
                    ]
                }
            },
            {
                "Header": "",
                "Template": {
                    "RenderIf": "{sta6}",
                    "BlockType": "component",
                    "Component": "MainColumn",
                    "ComponentOptions": {
                        "Vars": {
                            "style": "P1Default",
                            "fg": "{SessionP1FG}",
                            "font": "{FontNameItalic}",
                            "w": "50",
                            "pad": "40,0",
                            "source": "{Item.CountTop10}"
                        }
                    },
                    "Triggers": [
                        {
                            "Condition": "{Item.CountTop10, Converter=NumberEquals, Parameter=0}",
                            "Property": "Opacity",
                            "Value": 0
                        }
                    ]
                }
            },
            {
                "Header": "",
                "Template": {
                    "RenderIf": "{StaBest}",
                    "BlockType": "component",
                    "Component": "MainColumn",
                    "ComponentOptions": {
                        "Vars": {
                            "style": "P1Default",
                            "fg": "{SessionP1FG}",
                            "font": "{FontNameItalic}",
                            "w": "50",
                            "pad": "40,0",
                            "source": "{Item.BestPos1}"
                        }
                    },
                    "Triggers": [
                        {
                            "Condition": "{Item.BestPos1, Converter=NumberEquals, Parameter=0}",
                            "Property": "Opacity",
                            "Value": 0
                        }
                    ]
                }
            },
            {
                "Header": "",
                "Template": {
                    "RenderIf": "{StaBestQ}",
                    "BlockType": "component",
                    "Component": "MainColumn",
                    "ComponentOptions": {
                        "Vars": {
                            "style": "P1Default",
                            "fg": "{SessionP1FG}",
                            "font": "{FontNameItalic}",
                            "w": "50",
                            "pad": "50,0",
                            "source": "{Item.BestPosQual}"
                        }
                    },
                    "Triggers": [
                        {
                            "Condition": "{Item.BestPosQual, Converter=NumberEquals, Parameter=0}",
                            "Property": "Opacity",
                            "Value": 0
                        }
                    ]
                }
            },
            {
                "Header": "",
                "Template": {
                    "RenderIf": "{sta9}",
                    "BlockType": "component",
                    "Component": "MainColumn",
                    "ComponentOptions": {
                        "Vars": {
                            "style": "P1Default",
                            "fg": "{SessionP1FG}",
                            "font": "{FontNameItalic}",
                            "w": "50",
                            "pad": "40,0",
                            "source": "{Item.RaceDriverDayCount}"
                        }
                    },
                    "Triggers": [
                        {
                            "Condition": "{Item.RaceDriverDayCount, Converter=NumberEquals, Parameter=0}",
                            "Property": "Opacity",
                            "Value": 0
                        }
                    ]
                }
            },
            {
                "Header": "",
                "Template": {
                    "RenderIf": "{sta7}",
                    "BlockType": "component",
                    "Component": "MainColumn",
                    "ComponentOptions": {
                        "Vars": {
                            "style": "P1Default",
                            "fg": "{SessionP1FG}",
                            "font": "{FontNameItalic}",
                            "w": "50",
                            "pad": "20,0",
                            "source": "{Item.RaceFastestLapCount}"
                        }
                    },
                    "Triggers": [
                        {
                            "Condition": "{Item.RaceFastestLapCount, Converter=NumberEquals, Parameter=0}",
                            "Property": "Opacity",
                            "Value": 0
                        }
                    ]
                }
            },
            {
                "Header": "",
                "Template": {
                    "RenderIf": "{sta8}",
                    "BlockType": "component",
                    "Component": "MainColumn",
                    "ComponentOptions": {
                        "Vars": {
                            "style": "P1Default",
                            "fg": "{SessionP1FG}",
                            "font": "{FontNameItalic}",
                            "w": "50",
                            "pad": "40,0",
                            "source": "{Item.CountQualP1}"
                        }
                    },
                    "Triggers": [
                        {
                            "Condition": "{Item.CountQualP1, Converter=NumberEquals, Parameter=0}",
                            "Property": "Opacity",
                            "Value": 0
                        }
                    ]
                }
            },
            {
                "Header": "",
                "Template": {
                    "RenderIf": "{sta10}",
                    "BlockType": "component",
                    "Component": "MainColumn",
                    "ComponentOptions": {
                        "Vars": {
                            "style": "P1Default",
                            "fg": "{SessionP1FG}",
                            "font": "{FontNameItalic}",
                            "w": "50",
                            "pad": "20,0",
                            "source": "{Item.PenaltyPoints}"
                        }
                    },
                    "Triggers": [
                        {
                            "Condition": "{Item.PenaltyPoints, Converter=NumberEquals, Parameter=0}",
                            "Property": "Opacity",
                            "Value": 0
                        }
                    ]
                }
            },
            {
                "Header": "",
                "Template": {
                    "RenderIf": "{sta11}",
                    "BlockType": "component",
                    "Component": "MainColumn",
                    "ComponentOptions": {
                        "Vars": {
                            "style": "P1Default",
                            "fg": "{SessionP1FG}",
                            "font": "{FontNameItalic}",
                            "w": "50",
                            "pad": "30,0",
                            "source": "{Item.CountDnf}"
                        }
                    },
                    "Triggers": [
                        {
                            "Condition": "{Item.CountDnf, Converter=NumberEquals, Parameter=0}",
                            "Property": "Opacity",
                            "Value": 0
                        }
                    ]
                }
            },
            {
                "Header": "",
                "Template": {
                    "RenderIf": "{StaEvents}",
                    "BlockType": "component",
                    "Component": "MainColumn",
                    "ComponentOptions": {
                        "Vars": {
                            "style": "P1Default",
                            "fg": "{SessionP1FG}",
                            "font": "{FontNameItalic}",
                            "w": "60",
                            "pad": "42,0",
                            "source": "{Item.EventsCount}"
                        }
                    }
                }
            }
        ]
    }
}